ImpactID,LocationID,Classification_Key,DisNo,ISO,Total_Deaths,No_Injured,No_Affected,No_Homeless,Total_Affected
5cdf3bcf14b636dcea834bde8a1d89fa,fdf4015cbad28df1537d0de94c0af34f,nat-met-sto-tor,2000-0021-USA,USA,1.0,12.0,0.0,150.0,162.0
5370ecca580bd7737acae78e8d820169,018f2d7f660af07db0c732dde694aa53,nat-met-sto-tor,2000-0067-USA,USA,22.0,100.0,900.0,0.0,1000.0
aee9ba2fd62e6a9ad6c976d5503c5011,47dbeba351610a968c5871a5f626e8d5,nat-hyd-flo-riv,2000-0080-USA,USA,3.0,0.0,231.0,0.0,231.0
28e519b25fa779a2c599392458dfb094,fc536fba4231e565318243bdbc120c66,nat-met-sto-tor,2000-0175-USA,USA,5.0,0.0,3000.0,300.0,3300.0
37a607d222456968f0bf6d2a3bb2b47c,311440a7361606f1732c68908996c413,nat-hyd-flo-fla,2000-0232-USA,USA,2.0,0.0,0.0,2000.0,2000.0
56664d2838451fe35810469aa14359a7,35c1366a25368508cfee14fb2697f767,nat-hyd-flo-fla,2000-0271-USA,USA,1.0,0.0,300.0,0.0,300.0
a0c0197b167e4b78744a4acea0da2e7c,4a58e080873c738c9542d0d899f7b1ad,nat-hyd-flo-flo,2000-0297-USA,USA,2.0,0.0,300.0,0.0,300.0
eb29f08135112418d0175280ae1e9cb2,a39676f78733744184dd1e7b59af5fc3,nat-met-sto-tor,2000-0420-CAN,CAN,11.0,140.0,0.0,700.0,840.0
a6f69db763c0932834083f5b96a6c30a,0e5b6f4141435d37828e97c1e1fe79e3,nat-met-sto-tor,2000-0463-USA,USA,1.0,15.0,900.0,120.0,1035.0
156de1c3a4edcf5fd67a8f0eced9d3c5,1a59c9722f707d6bcce3d2897161c93f,nat-met-sto-tor,2000-0614-USA,USA,1.0,115.0,0.0,0.0,115.0
b9af99a2ac300885c5a06081f9fa953f,8ee69ff1754833bcf98630ce4093f67a,nat-met-sto-tro,2000-0652-USA,USA,2.0,0.0,14418.0,3015.0,17433.0
fee1fdbd02d5db12960efce4c627244b,93ad49638ca7ec2f7ff194a2327311ba,nat-met-sto-bli,2000-0838-USA,USA,57.0,34.0,0.0,0.0,34.0
89b7ae3bbdc3119005b0670e66cd779f,a1e83d7fa3190a7286debf290ce4e77d,nat-met-sto-sto,2000-0937-USA,USA,12.0,75.0,0.0,0.0,75.0
f4dd3cb711526c7cb4470fa8b1fdd2f9,99317952bfbde052f7731817e3763423,nat-met-sto-sto,2001-0052-CAN,CAN,11.0,0.0,0.0,30.0,30.0
121ee3de0fc3d8ca66fb93988bfb3fb8,f224b66f0817a9e29882a65a17e3270b,nat-geo-ear-gro,2001-0099-USA,USA,1.0,400.0,0.0,0.0,400.0
8a08208b3e8bb01fde8975a733c8e3bb,4129e64535f82c2d7427044b958c8144,nat-met-sto-tor,2001-0102-USA,USA,7.0,30.0,900.0,0.0,930.0
334ca07e3b5a4ed23f8de7b5af60d21f,26027015ef5f04b703037d851cdc6b5b,nat-met-sto-bli,2001-0106-USA,USA,11.0,100.0,0.0,0.0,100.0
e09edf3008823d00ae674a2b7989ca7c,f592852d19b8a08672ab6af64660de85,nat-met-sto-tor,2001-0145-USA,USA,4.0,18.0,765.0,30.0,813.0
72ffb616368e11dc8458ca747df77431,f7878def899a9a3c017db67551b677cb,nat-met-sto-tro,2001-0242-USA,USA,41.0,0.0,102000.0,70000.0,172000.0
1d834c835d9c01a6f04282fdf7ccc8fd,b3fe05a4aa7e5bf1aa3abc82fad42402,nat-met-sto-sto,2001-0266-USA,USA,2.0,0.0,100.0,0.0,100.0
eec338274210e6aed14e42ebb067c249,f8d83830c726cd01cf5eb6f45094af6e,nat-hyd-flo-riv,2001-0268-USA,USA,1.0,0.0,4400.0,0.0,4400.0
ebe3655caf5fd552e82497c9df70b2e4,febe9b5ca540b191dc2377137375b517,nat-met-sto-tor,2001-0270-USA,USA,1.0,32.0,1707.0,0.0,1739.0
007f2c6898cdedc5a323aebf75122289,76961cfe2c080bb356e88b8f2410377a,nat-hyd-flo-riv,2001-0460-USA,USA,2.0,0.0,10500.0,4500.0,15000.0
ab645cbf565a8210f06a5bddde3d98df,13e5b16a9a95c4d6de9c63625f3b1b03,nat-met-sto-tor,2001-0473-USA,USA,3.0,8.0,360.0,0.0,368.0
3c8442836d68e40dfb277fbc5dcc8d90,2fda735d09e21ebda7653e185e20e553,nat-met-sto-tor,2001-0566-USA,USA,2.0,50.0,0.0,1000.0,1050.0
240482092817af7a231994486853b71c,d3ba5c2881c151d919de91b31db083ed,nat-hyd-flo-riv,2001-0724-USA,USA,9.0,0.0,600.0,0.0,600.0
e25e4cb257bfda9f05616f111ae3d1e0,9c9d9f755311e2bcb8160c91758d1dd6,nat-met-sto-sto,2002-0165-USA,USA,6.0,4.0,750.0,0.0,754.0
a8993afce32619df55191529c462e0de,0b3ba8ccf130cfde28d6b3a3973c925c,nat-hyd-flo-riv,2002-0183-USA,USA,7.0,0.0,2000.0,0.0,2000.0
23786567fe464aaecdc7934cc001ca31,9dd35dc624c9958ff14d316f98e56e8c,nat-hyd-flo-riv,2002-0266-USA,USA,9.0,0.0,1000.0,0.0,1000.0
e0964363ccf47fa648664b654c1454b0,c487c3dcd39b26f2e47c88b493d45135,nat-met-sto-tor,2002-0283-USA,USA,2.0,3.0,150.0,30.0,183.0
e8df16d9d9feab6d75648d1abdb4e171,5bfef99798c32a229a0cd72306e2a1f4,nat-met-sto-tor,2002-0287-USA,USA,1.0,12.0,0.0,0.0,12.0
98f7a020dabac8d34e776c6ac50f21cc,68a3452e3143ee9da4349d67a1af781e,nat-met-sto-tor,2002-0310-USA,USA,10.0,100.0,0.0,0.0,100.0
ae72f74a3ac693a029b73d8fec716f16,e315f418914918d1881c6075e12ff7fb,nat-hyd-flo-riv,2002-0411-USA,USA,10.0,0.0,144000.0,0.0,144000.0
8fb09b06844dac8e1f94c328dedb89e6,f8975662ae91f21f5c628aa34770805b,nat-bio-epi-vir,2002-0502-USA,USA,214.0,0.0,3523.0,0.0,3523.0
0c0801708a595d021c0b75624ec52389,8c958f4fc8f1defd53010ec800ba755a,nat-met-sto-tro,2002-0652-USA,USA,1.0,0.0,13200.0,0.0,13200.0
82b3b236b1538d588100b7ea30533261,4001bb7dacb978df2c4db12221b32dc4,nat-met-sto-tor,2002-0700-USA,USA,36.0,115.0,3600.0,351.0,4066.0
a0030c42a6dcaeaed6f637d6f2c1254f,4edc8c1c3765b309c0bc596793490b86,nat-met-sto-sto,2002-0880-USA,USA,1.0,47.0,0.0,0.0,47.0
c99c84f7ab42d91883d34b0648380718,913ecac7739d105ea477266738019bcc,nat-met-sto-bli,2003-0085-USA,USA,44.0,0.0,120.0,0.0,120.0
141d9a9af260d0e79eb0520ba8aa651f,e5202bd333d156b43dcfda233cf55643,nat-met-sto-tor,2003-0139-USA,USA,6.0,200.0,0.0,186.0,386.0
bdeba8df0028a59609c6ef39f289bf3e,9950fbc75f6c33e5e7c87999a25348b5,nat-met-sto-tor,2003-0210-USA,USA,45.0,145.0,0.0,15000.0,15145.0
df3d8cc6ed041545a8814e5eb8d8c2fa,f7d35800ee354a760abedd625d31d8b4,nat-hyd-flo-riv,2003-0231-CAN,CAN,2.0,0.0,170.0,0.0,170.0
533c16c8e8ed5623b7ae9796aa9116b2,ed3d6e57c5d489aa7d7d78d48b23f138,nat-hyd-flo-riv,2003-0334-USA,USA,3.0,0.0,1200.0,0.0,1200.0
57aa7fdca9d0639ee38c4f756a99c1c1,bdce2d89310579aa2fd2a064087b6923,nat-met-sto-tro,2003-0468-USA,USA,16.0,0.0,225000.0,0.0,225000.0
61e561e71a36bf45f43c5bfe40b9b9f5,f11351deb725f2fc25ad395b90057599,nat-met-sto-tro,2003-0487-CAN,CAN,2.0,0.0,200.0,0.0,200.0
00733c044008147bae3d7cf50330a416,8b3a09e01b5e4bfc5ec612057c0b2215,nat-hyd-flo-riv,2003-0511-CAN,CAN,2.0,0.0,800.0,0.0,800.0
458c005c6b1ed49e2de74ea9755c5028,449092b59518297a89c999e58509870e,nat-cli-wil-for,2003-0518-USA,USA,14.0,104.0,27000.0,0.0,27104.0
b8e8e837477d429b13040acb8ef372eb,721193611305941fb5a3272b1cc74421,nat-met-sto-sto,2003-0595-USA,USA,8.0,0.0,1125.0,0.0,1125.0
53d0890532e662c689f78242e2bb7e14,5e864023332900b9f57b0afdebd0a00f,nat-geo-ear-gro,2003-0623-USA,USA,2.0,40.0,0.0,120.0,160.0
15e2dfc57f57a4206f95e1c003cf91d3,97e5432c4351084379960871b1964204,nat-hyd-mmw-mud,2003-0633-USA,USA,15.0,15.0,0.0,0.0,15.0
bd62bf7099a7ea1e69dc25d4f5f93354,27ff55bf52a6899926bd87ee3d976a9b,nat-met-sto-sto,2003-0741-USA,USA,4.0,18.0,100.0,0.0,118.0
6473e700110abe2e2f83c2949fbf20c1,793b06c570e0e254b32816f24d8de79b,nat-hyd-flo-riv,2003-0756-USA,USA,3.0,0.0,2000.0,0.0,2000.0
a87a33eba417f9280dc89439e260a53b,7e6fe71bd59f1308a1badf54344dc8a5,nat-met-sto-tro,2003-0782-USA,USA,4.0,4.0,0.0,0.0,4.0
972a9b86df0bcbda6390f1698aca0950,97e5432c4351084379960871b1964204,nat-cli-wil-for,2003-0786-USA,USA,4.0,40.0,0.0,0.0,40.0
6002cd78e4ac894084a8137f1e36c1f3,7988ee991c9ec08eccabb8a3ce2aeda7,nat-met-sto-sto,2003-0827-USA,USA,2.0,54.0,0.0,0.0,54.0
c7a249e72c01bcb58190a1d74dfa9323,462b56788ee916d4482596fec30159d2,nat-met-sto-tor,2004-0121-USA,USA,9.0,0.0,1404.0,345.0,1749.0
53e8f9a69406fc49018e057189c2c0ac,ad59814de937c8dc5b4d5a1f71157857,nat-met-sto-hai,2004-0245-USA,USA,5.0,37.0,6000.0,408.0,6445.0
7262561d132bd40f5487bff673aef7af,40b351b66b49a3cf70ebec1230bd9805,nat-met-sto-lig,2004-0249-USA,USA,10.0,0.0,1000.0,0.0,1000.0
8eb02a5b2d1c1e0af7be18169514a99c,a9a0f7de834dc6bbb96baaf659973099,nat-met-sto-lig,2004-0338-USA,USA,4.0,6.0,307.0,0.0,313.0
7778c1f576a51eca021084e8ab7a89b4,7a06dcd31f813e1485cd3fb65f3aa463,nat-met-sto-tro,2004-0415-USA,USA,10.0,0.0,30000.0,0.0,30000.0
2764ce718cb40a21b0437b221b09cdaf,575c675cf489d3c8a9febc223c62ce08,nat-met-sto-tro,2004-0455-USA,USA,47.0,0.0,5000000.0,0.0,5000000.0
cfb3095aabecd8576f30fb845fc3222f,6dab3f46a54553c8c1ba065f296ca031,nat-met-sto-tro,2004-0473-USA,USA,6.0,0.0,40000.0,0.0,40000.0
59ea825a1194707a70e7407face6172f,89f9a0a70c4a4f88e7a6f946431960b1,nat-met-sto-hai,2004-0731-USA,USA,9.0,14.0,0.0,0.0,14.0
691d1cd24ee466ba125b3edd587fc4f8,8b83291806e7b6d05e706c39ff41f206,nat-hyd-flo-riv,2005-0015-USA,USA,28.0,8.0,500.0,0.0,508.0
fc0edaaa7b18ad7adb2dd085267248f5,6e2f022a3648c38d6702f718d57e481d,nat-hyd-flo-riv,2005-0103-USA,USA,9.0,0.0,150.0,0.0,150.0
0236c7553030484c52b27000aae2c375,0ee059bb2ef925aa8d44095ffe11c897,nat-hyd-flo-riv,2005-0203-USA,USA,2.0,0.0,11000.0,0.0,11000.0
2207abd0e2b40a03295078dbea23ff22,6461b0edb618d205706664c9d18e48b8,nat-met-sto-tro,2005-0467-USA,USA,1833.0,0.0,500000.0,0.0,500000.0
cbf4f30da5a1eef0e050fe616994286f,b040fef7fbbdce8f051d6e52ec474192,nat-met-sto-tro,2005-0547-USA,USA,10.0,0.0,300000.0,0.0,300000.0
53bd9a657e7aae52b45949e38bc7bc59,82d4e10b6a0d28668d70271f4316a10f,nat-hyd-flo-riv,2005-0583-USA,USA,11.0,0.0,3000.0,0.0,3000.0
119ffe85f59c1a771908b8266be6a62b,d46a4b0183a12c7d6f349beb066a5c66,nat-met-sto-tro,2005-0585-USA,USA,4.0,0.0,30000.0,0.0,30000.0
67aa275921206de697c40dee5dfe042f,acad1824d5001e388997e5ed6145ff43,nat-met-ext-hea,2005-0687-USA,USA,33.0,31.0,0.0,0.0,31.0
b71e5ceaa74478a42697b046ed419f63,2a9524874555d4c4439add6fe6dc2aaa,nat-hyd-flo-riv,2005-0716-USA,USA,3.0,0.0,3600.0,0.0,3600.0
f1d1fd838d7d51c5e7c22cb31a134ec8,21a11199fb0b908a3b228c1f8c1f6d95,nat-cli-wil-for,2005-0724-USA,USA,5.0,0.0,0.0,1410.0,1410.0
59796251f79c37c8c70f44a373527b6c,76448680b8eea9f33e4e851e4e791714,nat-hyd-flo-riv,2005-0728-CAN,CAN,4.0,0.0,5000.0,0.0,5000.0
6b3811396ebc251cd6ba3ff03b8087ab,413d0bc466a4675af7991a2c59e0c87e,nat-met-sto-tor,2006-0128-USA,USA,10.0,42.0,0.0,0.0,42.0
42649e0a153ebf81f03ffe0157f27ec3,17b5e63af206976a6f8d12434273b664,nat-met-sto-hai,2006-0161-USA,USA,28.0,36.0,3600.0,0.0,3636.0
6eaa319ec0800ba0e2967ed1adb604f7,57fdd16e93b00e1f2693a9df159c01dd,nat-met-sto-hai,2006-0171-USA,USA,12.0,160.0,465.0,0.0,625.0
73b6fe362359dd80cb5b5abbb15a7c0c,3d3f99f24438f294efdb2aa9f5b502a5,nat-hyd-flo-riv,2006-0180-USA,USA,1.0,0.0,600.0,0.0,600.0
a7e13cc6d9cf46e2b50df89688f76455,79cd23877f3a08f5b230696886f225c2,nat-met-sto-lig,2006-0257-USA,USA,1.0,0.0,600.0,0.0,600.0
d4e88f859caa7c4f9bf411ac2da05f6b,d1f497eca13063f8f5d8aa9e19d47b27,nat-hyd-flo-riv,2006-0260-USA,USA,2.0,0.0,2500.0,0.0,2500.0
add2955d86089b2a2447c2e14b82e1af,868a030a4530425dc66b8caba4aef6e4,nat-hyd-flo-riv,2006-0269-CAN,CAN,1.0,0.0,400.0,0.0,400.0
51a1544eb1446b4c87dc98cfde26d622,02c278dd833f6bec06a2d46aec6cbc11,nat-hyd-flo-riv,2006-0341-USA,USA,11.0,0.0,65000.0,0.0,65000.0
ccd0a85487149aa6727abe86d24ecfce,01a30d550084467082de1f6e61ce92d3,nat-hyd-flo-riv,2006-0344-USA,USA,2.0,0.0,2400.0,0.0,2400.0
b4a3e30c4635d296949525fab62aa012,083f22be571aaad4489547fc6a01cb9d,nat-cli-wil-wil,2006-0374-USA,USA,1.0,17.0,0.0,150.0,167.0
f62df667a88ef9dc59b514c25ebc326c,036cdb5f1e4d96c8684adcda3a2d302c,nat-hyd-flo-riv,2006-0418-USA,USA,1.0,0.0,600.0,0.0,600.0
3448ee7afe70827f63025fb41e1a4bdd,feea5fd2b516c536eefbeecffde62c4b,nat-met-sto-tro,2006-0466-USA,USA,6.0,0.0,140.0,0.0,140.0
32e9ec1b01488719ea815339e40e82d8,e891139c469b2338b302f8e76ff8da8d,nat-hyd-flo-riv,2006-0546-USA,USA,14.0,10.0,1200.0,0.0,1210.0
f61c7997cea9e160ee43f9ae7fbb13f3,e7ec26152a6151b6be187f3fbf1f81bd,nat-cli-wil-lan,2006-0576-USA,USA,4.0,1.0,0.0,102.0,103.0
2742d01fbf18e6ee51098f4e318164e6,a9acd0eb70e19174c157883f74a1a0d0,nat-met-sto-tor,2006-0595-USA,USA,12.0,20.0,0.0,0.0,20.0
cfdaa3b89254b0703bc2523ef8d1da0e,6a399b59daf6aca03d3daecac225189d,nat-hyd-flo-riv,2006-0598-USA,USA,2.0,0.0,1500.0,0.0,1500.0
df00352ea983842e8f14c91076c073ef,4df92ea4b06628c7da30cd1e83a65e12,nat-met-sto-sto,2007-0026-USA,USA,65.0,220.0,0.0,0.0,220.0
4008a2bb1ce0f7d0e3378f6051c96a63,85b355f9102d3005cf7fdd36fad724e9,nat-met-sto-tor,2007-0048-USA,USA,20.0,0.0,6600.0,0.0,6600.0
5d85facf84feb89e3e2aba6bf611a44a,baeb5b99726dcf963f52b79e6d4848a5,nat-met-sto-tor,2007-0083-USA,USA,20.0,20.0,0.0,0.0,20.0
5b5e54b26d239e94b53e53f649d087ce,d3ba5c2881c151d919de91b31db083ed,nat-met-sto-tor,2007-0156-USA,USA,10.0,80.0,0.0,200.0,280.0
b0d8cb204a10af50f66a00ed43807085,68b5f8aee1b929a1c215afdbddf14fe9,nat-hyd-flo-riv,2007-0173-USA,USA,8.0,0.0,100.0,0.0,100.0
b3074efb5023267f6952e5aecec4b8c6,1b380ca2b8b0e7b010f846f2d3528b5d,nat-hyd-flo-riv,2007-0244-USA,USA,8.0,0.0,5000.0,0.0,5000.0
010d7b76b69ebcfedd3d7bd845872f73,b0345d5156ee806c94a6dcd76da145e1,nat-hyd-flo-fla,2007-0251-USA,USA,4.0,0.0,120.0,0.0,120.0
96781c9aa0fa886c7911fdfb065e1655,d24d8561a6cc974af9f3ed2505e69993,nat-hyd-flo-riv,2007-0254-USA,USA,10.0,0.0,750.0,0.0,750.0
def7ab912fefada57dba7faaf63724db,d8cf4223fb2b2554266cb5ecc54952e2,nat-hyd-flo-riv,2007-0383-USA,USA,26.0,40.0,2800.0,0.0,2840.0
59d0559f78d93043b54ac9d0a9cfa75f,54468aa7e43591652bd3c19ed855676a,nat-cli-wil-lan,2007-0519-USA,USA,8.0,64.0,640000.0,0.0,640064.0
f7e8dec458bf334683ea4b1eb494e455,6a399b59daf6aca03d3daecac225189d,nat-met-sto-sto,2007-0581-USA,USA,17.0,28.0,1100.0,0.0,1128.0
d54c9611f4e90c34bd73d16667c02379,7a1c76cc63416a024ad79ce87e8ce0ca,nat-met-sto-sto,2007-0641-USA,USA,24.0,2.0,0.0,0.0,2.0
5dbc95d81649d22180112622de7231ab,3b30b784c03aec0e8887aea57022fad8,nat-met-sto-tor,2007-0662-USA,USA,12.0,40.0,0.0,0.0,40.0
513dc1ee3f1746d920e7d4f0fe4a1388,b8290817d27329dd8dcfed4a7cb79f9f,nat-met-sto-sto,2007-0689-USA,USA,4.0,27.0,0.0,0.0,27.0
54c82978bf99035807bad015e6686afb,0db346881889745a86421ab417c5d3e4,nat-hyd-flo-riv,2008-0010-USA,USA,2.0,0.0,1500.0,0.0,1500.0
5a6b032099bec89c31d33db0daa39c82,24c624409eb227701e268f551c5e43e6,nat-met-sto-tor,2008-0039-USA,USA,59.0,150.0,0.0,0.0,150.0
717b65aa303291e2e6c2389a15276114,69db845d13f31820e859d62de218c4a3,nat-met-sto-tor,2008-0115-USA,USA,2.0,27.0,150.0,0.0,177.0
7da9b938aa0cdffb77e889404987aa6f,cd09ad30433c4e0231deeeb467a09e97,nat-hyd-flo-riv,2008-0131-USA,USA,18.0,0.0,1000.0,0.0,1000.0
c78cfa8db331d1b63a89a61cfd9090d0,ccfba0890a0c24b9ada73b8892c8b634,nat-met-sto-tor,2008-0194-USA,USA,22.0,150.0,0.0,0.0,150.0
c234e4082fcc2c7f07d8a8692d123520,97a3124c09661d547cf5610d837d15de,nat-met-sto-tor,2008-0210-USA,USA,7.0,70.0,0.0,0.0,70.0
96b130cfff5bb3b68befd255a99240d4,083f22be571aaad4489547fc6a01cb9d,nat-cli-wil-for,2008-0253-USA,USA,1.0,0.0,0.0,300.0,300.0
5338a235135878436375a757caec7cef,8527402ca9a4d1f83181d71f0dce3f53,nat-met-sto-tro,2008-0338-USA,USA,12.0,0.0,400.0,0.0,400.0
1cd57e48149b40940dadc2f1009c9e07,d6853d3d1ae2bd8f0547be6f2356eee7,nat-met-sto-tro,2008-0352-USA,USA,43.0,0.0,2100000.0,0.0,2100000.0
9b79637463663f5136488f42d60b429d,9f606dd41fcca8e5bc75dace5369fb32,nat-met-sto-tro,2008-0384-USA,USA,82.0,0.0,200000.0,0.0,200000.0
a5c3f0f6abf63b502e2618b0a12a37dd,dace50cf686e65ac2ee1ce7519f1bc35,nat-hyd-flo-riv,2008-0627-USA,USA,24.0,148.0,11000000.0,0.0,11000148.0
c5a4bca02c92592fc0c02d074c937d17,9ed423ca9540029ff4578cac6e9b6d4d,nat-hyd-flo-riv,2009-0106-USA,USA,2.0,60.0,5000.0,0.0,5060.0
0762f4addf3b5b4627d4f1c1426d48db,6dd8cd40b7f5a1cff89901e6e2f3da7c,nat-met-sto-tor,2009-0140-USA,USA,9.0,72.0,750.0,0.0,822.0
edf3428d95b1d90d43a3b8552ba14fae,1bb79343bb7b2f9ded18c076d0404218,nat-met-sto-tor,2009-0287-USA,USA,16.0,50.0,0.0,0.0,50.0
3fcccbd417160ebb6f538e92ab1cc679,c846524cce641d3e6fc0f0d153ef6de5,nat-met-sto-tro,2009-0342-USA,USA,3.0,9.0,0.0,0.0,9.0
caabe23780e8300c630320c28da45aab,7a48a5ca51d39a5176b40fbb7d494bee,nat-cli-wil-lan,2009-0349-USA,USA,2.0,0.0,0.0,192.0,192.0
549c711471baf3147c39c4bff158a967,3b16ea6e2e28e3ce639a9515f6a71d9a,nat-hyd-flo-riv,2009-0405-USA,USA,9.0,0.0,3000.0,0.0,3000.0
a77a85725019517e71a28a14213cb4ae,d72d0c2a2cf1082b5e24ee3847073e61,nat-met-sto-tor,2009-0601-USA,USA,1.0,2.0,0.0,0.0,2.0
9b1a3dab2671ee21d6dae6b2e9950072,dd081ca770d391f95f88a2859bcad86a,nat-met-sto-lig,2009-0644-USA,USA,6.0,25.0,0.0,0.0,25.0
841b84d0670be45a234c791d290e0ec1,59890c860f3b94164a97f38b168ade83,nat-met-sto-tor,2010-0163-USA,USA,12.0,70.0,2700.0,0.0,2770.0
047376e7a14fcf43f630f45bf9cab986,02302835bcff622c0d5135f59f42160a,nat-met-sto-sev,2010-0187-USA,USA,30.0,0.0,8000.0,0.0,8000.0
dbd261874f49c30c05de4480ef477436,35c1366a25368508cfee14fb2697f767,nat-met-sto-tor,2010-0196-USA,USA,5.0,58.0,0.0,0.0,58.0
81a3b07afd8e18f065ad7163bae18aea,cc67ef58c756336976ed79e35ec061f9,nat-met-sto-tor,2010-0663-USA,USA,8.0,13.0,0.0,0.0,13.0
e949e89534572b4b85555cd2393d74e7,58ab4ad678770b2770cfb8b928625b86,nat-met-sto-lig,2010-0689-USA,USA,20.0,100.0,0.0,0.0,100.0
aea0f6042759963dbf9392eb271e98aa,126e6e64dd7dae1cb15de8bbbadf5067,nat-hyd-flo-riv,2011-0131-CAN,CAN,5.0,0.0,2000.0,0.0,2000.0
d37c20556a659c997057a38658f88e4a,6015836b0ce5ecd03a257330365edff6,nat-met-sto-tor,2011-0134-USA,USA,46.0,43.0,0.0,0.0,43.0
f014aae1d42ab46c6021e25e2c7654a6,d3ba5c2881c151d919de91b31db083ed,nat-cli-wil-lan,2011-0140-USA,USA,2.0,5.0,0.0,1300.0,1305.0
76a1974b95ca4a4fa10c417159f253ec,2569bbd54ef5d05f79b524ce4173be2f,nat-met-sto-tor,2011-0145-USA,USA,354.0,2200.0,0.0,15000.0,17200.0
a4da5c9663ee3cbf24af4096e523fed7,d5766e608fdc35ca9a965f25efa48e02,nat-hyd-flo-riv,2011-0166-USA,USA,1.0,0.0,25000.0,0.0,25000.0
edf9aa7139b0682f793113920412d311,3defcabecbff3fb3508236a6e9654584,nat-met-sto-tor,2011-0172-USA,USA,176.0,1150.0,0.0,0.0,1150.0
07174c765b7c698cde24e904b6e15103,88c15dc5ed3bb5362259e5c771a65fad,nat-met-sto-tor,2011-0195-USA,USA,3.0,200.0,0.0,0.0,200.0
60dc6330b384a27a7f45fc02169a3e4b,17d2054d5634ae3878f30a3a04a06590,nat-met-sto-tor,2011-0323-CAN,CAN,1.0,20.0,0.0,0.0,20.0
b61f2a1e1bee4a92e82f151ea3528871,633ce85f183f0847276b7f454d0e47e9,nat-met-sto-tro,2011-0328-USA,USA,46.0,0.0,370000.0,0.0,370000.0
16c0ed1545c375a9d14415a5dec168c8,7b88c05c7a88d1c8674c7c242d0f6252,nat-cli-wil-for,2011-0349-USA,USA,4.0,0.0,0.0,4800.0,4800.0
0235c085499ec7bf8e2b625bc9ba2228,7ec957bd3f7dd020b86804c32174b202,nat-hyd-flo-riv,2011-0425-USA,USA,2.0,0.0,100.0,0.0,100.0
d0929e43ad73a0c93bba62a45d6fce91,28ae2f7b448e7522440f32af33e2d358,nat-met-sto-tro,2011-0456-USA,USA,15.0,0.0,600.0,0.0,600.0
61dca09a0474c4ef2d8ce7569fd5a695,6fed7fcf2bca71749d5477d3e5357623,nat-cli-wil-for,2011-0630-CAN,CAN,1.0,0.0,0.0,7000.0,7000.0
f2deb6896dbd0891b50a5bdf641543e8,5d69e8c82934eda98294c91587aa1d2a,nat-hyd-flo-riv,2011-0646-USA,USA,5.0,0.0,0.0,11000.0,11000.0
9329d05b15c8416168902d065f9459a6,c94ad82fbf5d5b0acfc818c3116a30fe,nat-met-sto-tor,2012-0010-USA,USA,2.0,100.0,0.0,0.0,100.0
a4109711ab602392b72da56cb83a994f,1d3e197fc2bc8c16066dc3d332e19129,nat-met-sto-tor,2012-0055-USA,USA,14.0,200.0,0.0,0.0,200.0
bb67908bc727c4cbd5e54d6aa3786160,b7d8b1cbfef2dabbcbfd800e24e901b1,nat-met-sto-tor,2012-0060-USA,USA,41.0,400.0,0.0,0.0,400.0
511887b00ab316512bd49ca15cea22d9,0a98049ca1edfced7d41c34703921c5a,nat-met-sto-tor,2012-0156-USA,USA,6.0,30.0,0.0,267.0,297.0
d9e7757af50f212e9df58cd7025505a3,a1f426d74be3849a0eb68969859da7b7,nat-met-sto-tro,2012-0176-USA,USA,9.0,1.0,17000.0,0.0,17001.0
8327ddf02080975f2b9d482404aebfdb,79b05591f1374f5937aa60c50e7e712e,nat-hyd-flo-riv,2012-0177-USA,USA,2.0,0.0,300.0,0.0,300.0
2124ab8281a730644f634b2b53665d53,9b083e26715b1a24921ed7dc4236545d,nat-cli-wil-wil,2012-0232-USA,USA,2.0,0.0,0.0,1038.0,1038.0
4207a95d359d253152bda12de71b29cf,a34b7f21a30320adfc5a77392014f568,nat-met-sto-tro,2012-0313-USA,USA,1.0,0.0,60000.0,0.0,60000.0
50061edefafa01c43e9cc984fa88c632,0cc5bca5141531e6980a493082b16a12,nat-cli-wil-wil,2012-0542-USA,USA,1.0,0.0,1809.0,0.0,1809.0
778231b184dbf375d29c35b7077bf240,0415ef5acdd6d6e0764e809f95d13f7b,nat-met-sto-sev,2012-0601-USA,USA,1.0,100.0,0.0,0.0,100.0
7d76c2f3069c5d19998a80e3b8eb1349,ecb0a4ef2b51ae8aa77c9004741cd4f3,nat-met-sto-bli,2012-0611-USA,USA,3.0,1.0,0.0,0.0,1.0
b3b90f12f647ce60bd3f896f31115244,bb3039172f78fddfcb3b3f055115938d,nat-met-sto-tor,2013-0013-USA,USA,3.0,18.0,1089.0,0.0,1107.0
6fb5b0320b2429dfe75611f3046ef031,0dccdc8a76ca6d924fd893345f9c5d89,nat-met-sto-bli,2013-0055-USA,USA,1.0,82.0,4800.0,0.0,4882.0
b79442bdfe58a2bc87fe867eddac49a5,52eebe7bfeee231c8f92bd50652e6635,nat-met-sto-tor,2013-0142-USA,USA,29.0,450.0,0.0,0.0,450.0
684be4d285eef07011fdfc13df9ba3f7,08b907d2d09ef8afc1b39e4f6c722e70,nat-met-sto-tor,2013-0183-USA,USA,6.0,100.0,0.0,600.0,700.0
2ecf55a80bc5339b3a4eb66ac74edd6f,fad7edc37a59ac79559257e17ca83735,nat-met-sto-tor,2013-0184-USA,USA,27.0,150.0,170000.0,0.0,170150.0
90007a2888e7407aa88e4aac1721ca17,79e8cc438b7141b928fbad4f7f9177df,nat-hyd-flo-riv,2013-0190-CAN,CAN,4.0,0.0,100000.0,0.0,100000.0
17c2bdfa74dae559507802997fe3a8e7,e236795e6f7b82f36cd748c39d01df36,nat-cli-wil-for,2013-0210-USA,USA,2.0,0.0,84.0,1533.0,1617.0
36d234c5ae2f5e04e86cba7bbd50fc19,e0b72fa2adfcd193db3f444f5d975ee2,nat-cli-wil-for,2013-0212-USA,USA,19.0,0.0,0.0,387.0,387.0
97100c88389ab47537d30284df028994,bcd0a4debebcd5b6c52dfc2495b0b1dc,nat-hyd-flo-riv,2013-0254-USA,USA,2.0,0.0,1425.0,0.0,1425.0
f68b8795e4e5ea23cbfecad3d28132a4,2c303e56c16bdc343ecab075aef36b20,nat-hyd-flo-riv,2013-0277-USA,USA,3.0,0.0,6000.0,0.0,6000.0
c7fcf25f333eaba05ee99d602fd69402,ba1e2353360cba1e942ffb8e2d295d10,nat-hyd-flo-riv,2013-0286-USA,USA,3.0,0.0,300.0,0.0,300.0
cb1a7c73e398471b6f8820f14e183fc6,ad607f03ad30e283c7bb5d2e0dc1846e,nat-hyd-flo-riv,2013-0291-USA,USA,5.0,0.0,300.0,0.0,300.0
ce1d217199cd5ae515758a9e4c07e581,f37be256cf8ac7f527976e5985394253,nat-hyd-flo-riv,2013-0354-USA,USA,9.0,0.0,16500.0,5400.0,21900.0
54a7bda90766f22f96e597190a53b2e1,1eea0a55777838ecc21330c4ef6956fd,nat-cli-wil-wil,2013-0404-USA,USA,1.0,6.0,15.0,204.0,225.0
9f63a7525fd8d2fdc7cb9aef54feafa2,406b3b911c46e9363611f6582ebd9534,nat-met-sto-tor,2013-0439-USA,USA,11.0,185.0,0.0,0.0,185.0
0edf28661736743c8a1e8a58c8afb520,a23efb859c773d482d6a0e831fa17b8f,nat-hyd-flo-riv,2013-0510-USA,USA,4.0,0.0,4800.0,0.0,4800.0
27bf83a32478721a94b1c300b077183e,3d856baead846b91b47db3cdf2970f3c,nat-hyd-mmw-lan,2014-0095-USA,USA,43.0,0.0,0.0,150.0,150.0
1924274af92777d57ec71f19cb83a551,ff582a4f44ef948adb8efe96a2780000,nat-met-sto-sev,2014-0126-USA,USA,40.0,15.0,0.0,0.0,15.0
433d35dbd6f7401e04280d5ceed1b640,9770f2afdc9bf1dd105e1a313e29b427,nat-cli-wil-for,2014-0165-USA,USA,2.0,0.0,429.0,0.0,429.0
b2ce4840f065088992f1db623e92aed0,eba47eed2e9763a992de04d75290786e,nat-met-sto-tro,2014-0310-USA,USA,1.0,0.0,834.0,0.0,834.0
4c76000edf627d0561b10f93dc539662,a912f579ef6c3e446fb821ad3f3aa267,nat-hyd-flo-riv,2014-0317-USA,USA,2.0,0.0,102000.0,0.0,102000.0
4138b201f852c97feaa20ebc35074e8e,badd65e39e510428d102ab1520f8f8e6,nat-geo-ear-gro,2014-0318-USA,USA,1.0,250.0,3000.0,0.0,3250.0
af2ffc432c6ccc2e37e6646a6a8ba31a,649a13a6adf884bf50c2a10ce05ef2c4,nat-met-sto-bli,2014-0482-USA,USA,3.0,0.0,0.0,30.0,30.0
f8fc3d57f44f5f21688f27e60a91ff2e,c68ff66ff3f864f7367830f8c229394e,nat-met-sto-lig,2014-0540-USA,USA,2.0,36.0,0.0,0.0,36.0
d8465188b55bd580d537ba772fd3ef82,6b7d4b523ee7d800d6717eb13320dd10,nat-met-sto-tor,2015-0123-USA,USA,1.0,12.0,3300.0,0.0,3312.0
c1cdc7cdac590cdc7b65629b79a7b04d,6d03a2496072267f9e19c9edc77ad703,nat-met-sto-tor,2015-0138-USA,USA,3.0,12.0,0.0,0.0,12.0
475a11bd3d3a0d2992559fbb37083de9,4a83b86ab62a48fc6b8ac0e3dfa18d53,nat-met-sto-tor,2015-0155-USA,USA,4.0,12.0,0.0,0.0,12.0
9f11493b179ca834736b913e1eb94363,e5c7e4562a4573e3870bd31207949c23,nat-met-sto-tor,2015-0180-USA,USA,1.0,40.0,0.0,0.0,40.0
4efc61fbca5179613750fa8caf57994d,f165b11573b4df79deface7c195a87e8,nat-hyd-flo-fla,2015-0186-USA,USA,16.0,0.0,12000.0,0.0,12000.0
2fffe87a4260ee3c850942e107dae5bf,7d0bfb9df892c15691e4b67d0a03e3a2,nat-hyd-flo-fla,2015-0212-USA,USA,32.0,0.0,12000.0,0.0,12000.0
8dda9a46d2d17e271ae9c9388f088c78,39d7b063551020062da710a9b4ff8a7e,nat-cli-wil-wil,2015-0312-USA,USA,1.0,0.0,0.0,129.0,129.0
e740ae8ab0030e865a2ce76ce71b894b,f602d13bc0ce3f4f8bdca89bf1ff03a8,nat-met-sto-sev,2015-0400-USA,USA,4.0,40.0,0.0,0.0,40.0
c592e3669c174e02ffb7e5daa510233b,279ebf1016b1121943a14968b4ae873b,nat-cli-wil-wil,2015-0401-USA,USA,4.0,8.0,600.0,3900.0,4508.0
291538bc335d2f522603e8a6d9c2a056,9fbef80394045db860e69385ece6c50e,nat-cli-wil-lan,2015-0421-USA,USA,4.0,0.0,0.0,7302.0,7302.0
4d2b5da126a94a0e640736e65c2e2423,789ba7b935adbaa52523fa3ca4b6a559,nat-met-sto-tro,2015-0459-USA,USA,25.0,0.0,800.0,0.0,800.0
df3630cb5ab8488bce13bce2ecb439b4,68b5f8aee1b929a1c215afdbddf14fe9,nat-met-sto-bli,2015-0531-USA,USA,18.0,0.0,300.0,0.0,300.0
0230c7c34fff82f6bddeeacc0f229f89,db7e2b885dcafd5f05778c888a86a399,nat-met-sto-tor,2015-0558-USA,USA,50.0,60.0,0.0,0.0,60.0
b144a0dabd0a26e65509a0c992552b3e,e96371518e7a5dd7288f9e2ba1f81b3d,nat-hyd-flo-flo,2015-0565-USA,USA,31.0,50.0,4000.0,0.0,4050.0
356ae48cdc6033c05b85ac981ae46611,fe1433cf41dfbd65097df1c7f2a699c1,nat-cli-wil-lan,2015-0613-USA,USA,3.0,0.0,0.0,1425.0,1425.0
25fd72534368b3ba7457f54364ed5908,bf7f271018780d8d16a8bcb8ae173591,nat-met-sto-bli,2016-0010-USA,USA,50.0,12.0,85000000.0,0.0,85000012.0
19a726817dc1e6d583ad8453d61bcc2f,cb38e41d2da64f50a973a0b3c92622bf,nat-met-sto-bli,2016-0051-USA,USA,10.0,12.0,0.0,0.0,12.0
0e85852e4d3ed9b5ebb89124eb682bc2,ac1fef0f95fb167703c1a196d26f20a9,nat-met-sto-lig,2016-0123-USA,USA,1.0,0.0,3000.0,0.0,3000.0
6fd952fdfaaa50035a79fdaad116bc18,a5645cc54dbd850f6af4521f915bab9c,nat-hyd-flo-fla,2016-0124-USA,USA,9.0,0.0,21000.0,0.0,21000.0
13eb40861d1eca800b09f79864ac84ea,021e2075922b7a6836b8e81bcfa6b337,nat-met-sto-tor,2016-0150-USA,USA,2.0,10.0,0.0,0.0,10.0
540fd5061d78444eb905a0e47e322fd4,755447fb928930419dca6cc2c56c9baa,nat-met-sto-hai,2016-0181-USA,USA,9.0,12.0,0.0,0.0,12.0
d2a65d3e22caebb3b41ffb97ba58dc09,7890144c72955f1f4dbaa28700b64267,nat-met-sto-sto,2016-0203-USA,USA,25.0,0.0,2000.0,0.0,2000.0
925c16a7fbc32c5f445e7332643a9581,6f36ff5d4eb4fcec93f77eef3170e3b6,nat-cli-wil-for,2016-0264-USA,USA,2.0,0.0,420.0,0.0,420.0
a644825b478d1989e5c80a1c3e3fc40e,ae65e6adfedccf3175d4d432a37c111d,nat-hyd-flo-flo,2016-0292-USA,USA,13.0,0.0,70000.0,0.0,70000.0
f983c08a6a3be1caadca3477b4e8baeb,f5d72ee0d8fd7054b1461059e2059955,nat-met-sto-tro,2016-0322-USA,USA,3.0,0.0,13500.0,570.0,14070.0
a2229c963c674d7f5ec97384fd951f14,a44eb19a8522a841784db4ef2d857152,nat-met-sto-bli,2016-0477-USA,USA,8.0,33.0,0.0,0.0,33.0
7085dfd45915391ccf86586862f8a69a,9a536fb89d357a5f20d7e9e9ff3cd3f2,nat-met-sto-lig,2016-0550-USA,USA,6.0,19.0,0.0,0.0,19.0
ef7d90d8e476c3dcb7e82823c0fa4f0d,9bc983c54918125abc10e9ac3e17e2d3,nat-met-sto-sev,2017-0022-USA,USA,24.0,200.0,0.0,0.0,200.0
bd614c758a99485511c162f2395c920a,cbd459c88b7a5ea6589db1d3f9622ca4,nat-met-sto-sto,2017-0062-USA,USA,5.0,0.0,200000.0,0.0,200000.0
b311bbef7bd6e4d1e9135b5d0cbd8f23,f443ad9d1f75e8f9d03c6df048c376a2,nat-met-sto-tor,2017-0070-USA,USA,4.0,12.0,600.0,0.0,612.0
6e21ac2d03806ef42e57ba151076b423,420dcc974301bdd469c030228afe9bc1,nat-met-sto-bli,2017-0108-USA,USA,11.0,12.0,0.0,0.0,12.0
027d94c81aef10eba7cb57e9e94ba8ba,38527b39d679dbf0fd891cfd030f9b54,nat-hyd-flo-flo,2017-0126-CAN,CAN,2.0,0.0,16113.0,0.0,16113.0
780221095d38683df151ddb5bdb452c2,9f1b01b040bb6759d5de93b472899c4b,nat-hyd-flo-flo,2017-0136-USA,USA,20.0,70.0,0.0,0.0,70.0
cac713df7984523d4e74ce684c48c5e2,11ae2c65d4abf8d150119875615b9244,nat-met-sto-lig,2017-0234-USA,USA,2.0,16.0,90.0,0.0,106.0
5caa65f0254ebb50989cbce2b5e31026,e0c50427373557f2befefb262cb1fc85,nat-met-sto-tro,2017-0362-USA,USA,88.0,24.0,555000.0,27000.0,582024.0
2b100119214110fc01d511ab2e741315,f846e50e91f46ede86eabca78acc3fcf,nat-met-sto-tro,2017-0381-USA,USA,97.0,0.0,0.0,70000.0,70000.0
28c91048ff0d96cf179c58f87af414ef,46a8a2febf5840d7e1eb27a752047d55,nat-cli-wil-lan,2017-0434-USA,USA,43.0,185.0,0.0,9000.0,9185.0
183ccd4ef4927dbb03d21a3195e44001,69f07330a00ec19adf8d87fe90b512df,nat-cli-wil-wil,2017-0511-USA,USA,2.0,2.0,0.0,2961.0,2963.0
de9a9f930b7b2e1d82b8e10ea9635dbc,94ac1731e9740fd5f79a76b8e6f887d0,nat-met-sto-hai,2017-0563-USA,USA,2.0,15.0,600.0,0.0,615.0
bff9ba5090604c29149a05983c1ea4cb,c26475f16a6c662891845afaa94eca03,nat-hyd-mmw-mud,2018-0010-USA,USA,21.0,28.0,1338.0,0.0,1366.0
d27ab4ca32a287b3807306a4cf02d4e5,323f82f84bb3dfef3d9c4c88568b15a2,nat-met-sto-sto,2018-0206-USA,USA,5.0,0.0,75.0,0.0,75.0
731ac94bb447b59fbda419e808f8c384,786258e0192dbb8c72660ccf1e0242f1,nat-cli-wil-for,2018-0258-USA,USA,14.0,0.0,0.0,3237.0,3237.0
075b6e189397b5f655cb04b245e51665,ddb35636ae30e84712c389ca83e70cdd,nat-met-sto-tro,2018-0342-USA,USA,53.0,0.0,1500000.0,0.0,1500000.0
cba97325a0312677b92c0d5f7786b48b,d7798f56f012c08b6f5323872f60f654,nat-met-sto-tro,2018-0373-USA,USA,49.0,0.0,5000.0,0.0,5000.0
2a703ac72d5ab95a79ef7bc4a7038150,a6581714e3f6f47f8f193f3f666e088f,nat-cli-wil-for,2018-0409-USA,USA,88.0,0.0,250000.0,0.0,250000.0
cccc81b0a819673e6c3ffa53e3cdcc8f,9450a23ba32a1482a55e9f26fa646c17,nat-cli-wil-wil,2018-0468-USA,USA,2.0,3.0,0.0,0.0,3.0
139fb921e46b598fd2c3d559135011f7,92f29419beeb0c68c641682ccbe4a0a5,nat-met-sto-bli,2019-0007-USA,USA,13.0,57.0,0.0,0.0,57.0
f9c6574b58d6661093f44861e93968c5,db99a3dc9f767ac375adbd5d99e47043,nat-met-sto-tor,2019-0081-USA,USA,28.0,90.0,0.0,0.0,90.0
78956f793bf7467255247b56c1dfd5fc,477d8e6f32c00cfbecb60608534164f6,nat-hyd-flo-flo,2019-0086-USA,USA,1.0,0.0,6000.0,0.0,6000.0
933cbcc40d27b06d834af439a8137341,961ba5555e6d58a36a47d5697f75a452,nat-met-sto-lig,2019-0089-USA,USA,2.0,12.0,0.0,0.0,12.0
9194135692ea265cc42518900db9eef4,a0620f2c2a2480dbf853ba3aebd8b813,nat-hyd-flo-flo,2019-0090-USA,USA,1.0,0.0,8000.0,0.0,8000.0
dddda0f3500f5a1961106b85c7c944f6,7125af2b1e9eaf2292b939eabc47a7be,nat-hyd-flo-riv,2019-0116-USA,USA,5.0,0.0,2000.0,0.0,2000.0
68b031386dc78a5a4007cc2606553923,70a194c9d2d9b61953d6bdb7de41c737,nat-met-sto-tor,2019-0160-USA,USA,8.0,12.0,0.0,165.0,177.0
d4cc548ae41f7d440db354195c53a97d,3f962156c8ff911ae920b68b86c6e781,nat-hyd-flo-flo,2019-0171-CAN,CAN,1.0,0.0,19500.0,0.0,19500.0
da2324deacc9bc74f357646d4929da78,2471f4ab973ca848989263225dfbd8c2,nat-met-sto-tor,2019-0250-USA,USA,3.0,150.0,0.0,0.0,150.0
e13fb1e6fa71b726eda8c5e1f20330ff,bce224d18459caff00b17a24d1ae27e6,nat-hyd-flo-flo,2019-0307-USA,USA,3.0,0.0,600.0,0.0,600.0
458be1709fd9e9a88fb12f9ee3f5c607,cf00f0fadea38a20eb620ec10f753a23,nat-met-sto-tro,2019-0417-USA,USA,5.0,0.0,1000.0,0.0,1000.0
bd01817458a4739d35cb53e2053cf0a5,09d5ec2cab8128c6c6d946d0727eb40c,nat-cli-wil-for,2019-0513-USA,USA,3.0,12.0,312.0,279.0,603.0
23c7c2ac15e4e07c64367004d7dbe70f,8bc9b499e6128173a447605c8037499e,nat-met-sto-tor,2020-0082-USA,USA,25.0,300.0,12000.0,0.0,12300.0
2583f68364cf3fa27a011aad873609b2,380c6ccc852d1b72290749585ec5101b,nat-met-sto-tor,2020-0148-USA,USA,38.0,200.0,0.0,0.0,200.0
1f64ac3df0e724fa501681d19f536bff,a9da1122fdf226fac48237a66f976380,nat-met-sto-tor,2020-0167-USA,USA,3.0,31.0,0.0,0.0,31.0
671e7abe7fddde842f3802201dcfaf29,fc4607c7ec2dfe0ee39b55a51ca4bcad,nat-hyd-flo-riv,2020-0191-CAN,CAN,1.0,0.0,12936.0,0.0,12936.0
9decca4c4bafab802f4142e8a76a1996,3a680942a35c51b66157e0d702a9e401,nat-hyd-flo-flo,2020-0212-USA,USA,1.0,0.0,10000.0,0.0,10000.0
fd21bfa2a44c07e7565077b20220b116,4959b3c384e1cafec5c2f91f93f3638c,nat-met-sto-tro,2020-0376-USA,USA,33.0,0.0,6500.0,0.0,6500.0
9803a6611462ef6169f8c7446c1114ea,efd0ff6b5dc7509e98d981416ca9fb7e,nat-met-sto-tro,2020-0412-USA,USA,4.0,0.0,9400.0,0.0,9400.0
dda0821ff1e03c0be976439f5bfe1100,1e609507f58d82f7ca0e9c694c420f5e,nat-met-sto-tor,2021-0037-USA,USA,1.0,30.0,0.0,0.0,30.0
f8155b47eb7178b273dafe3d90714339,1b4715ea815665dc219ab9bbf1060f24,nat-met-sto-sev,2021-0043-USA,USA,2.0,0.0,75.0,0.0,75.0
9218a031471a34c7a135706c65be29d2,e78afd8cccd0f047902f82f126b7d8e5,nat-met-sto-bli,2021-0096-USA,USA,235.0,10.0,0.0,0.0,10.0
09a907061444f92b0d96060608848f95,43bf7d5e293d0591bb901c673011f29f,nat-hyd-flo-riv,2021-0117-USA,USA,1.0,1.0,50.0,0.0,51.0
e695372fdfb0d08327b58036a500f462,5465799a45faa0aea1283edf76cc2246,nat-met-sto-sev,2021-0199-USA,USA,3.0,7.0,0.0,0.0,7.0
9106a6ef3e25bc1e306ce41ab7a40386,c0dbffeb4d92a84afdc17178de9ba8a6,nat-met-sto-tor,2021-0266-USA,USA,4.0,8.0,0.0,0.0,8.0
37ed4b523f598ea87706783386c53fbe,f06706507847459983782bd9ab742cb4,nat-met-sto-sev,2021-0273-USA,USA,6.0,0.0,250.0,0.0,250.0
be61fd599178a80c961c96584551e20c,255d078d789c676d3c86fc7af3563b21,nat-met-sto-sto,2021-0305-USA,USA,14.0,20.0,324.0,0.0,344.0
9fa35247b33f9234ac60d170dc0c7414,cc2d180bfa9e7aa647297d5a80b33375,nat-met-sto-tor,2021-0356-CAN,CAN,1.0,2.0,300.0,0.0,302.0
3295b44b4fc7c22e8985a8bedbbc9538,a2ac5d265b0762950cf5b760773ecd24,nat-cli-wil-wil,2021-0367-CAN,CAN,2.0,0.0,250.0,0.0,250.0
6e717dce9167f6f2e112576a3d181a10,78b089126b76f618de33688f7fc4faa6,nat-met-sto-tro,2021-0373-USA,USA,1.0,9.0,0.0,0.0,9.0
947abd4b879b3a4a3d928d759e08bda5,8308e09d2585ff9d3112d7e3645fa099,nat-cli-wil-for,2021-0433-USA,USA,3.0,13.0,36.0,1212.0,1261.0
5644901bcac7f3aa8f101583ee5cbb1c,7683da3328b66bd5979aab006e8b7858,nat-met-sto-tro,2021-0532-USA,USA,7.0,0.0,105.0,0.0,105.0
febe12391eed9a0a09d2050e05f51fdc,ff930823305328e11f12bcc837666143,nat-hyd-flo-fla,2021-0533-USA,USA,22.0,0.0,89.0,0.0,89.0
ce05a7b199770f07d5370318ea7ef928,27ba48648007a3c94ce623e7fe142dde,nat-met-sto-tro,2021-0551-USA,USA,96.0,0.0,14000.0,0.0,14000.0
4a1a149fb12f11b3c90e61f2a5b03e97,65d4fabd79ea7f4c8610b3145944ca0d,nat-hyd-flo-fla,2021-0562-USA,USA,1.0,0.0,600.0,0.0,600.0
04ae3aef7796dc8f8f378ec150995038,237c6cc7cdcc7258b05079a3d3f373ab,nat-hyd-flo-flo,2021-0741-CAN,CAN,4.0,0.0,15000.0,0.0,15000.0
a942c4bbcb24adf64829b8de3037a088,f34c8a0ab158f8a8889a4789682fdba2,nat-hyd-flo-flo,2021-0741-USA,USA,1.0,0.0,500.0,0.0,500.0
b67e6816dc3b2e2a1a7c463224165e1a,23018ae28ebbacdfe464dc38e5c904be,nat-met-sto-tor,2021-0797-USA,USA,93.0,100.0,0.0,0.0,100.0
ecbb44ae916d7d30f5a61925fc91b5db,1c764e02feb81a838d8e6a875911fc9f,nat-met-sto-sev,2021-0815-USA,USA,5.0,0.0,120.0,0.0,120.0
7031701304d6fb7f78ec7a177859d99f,6407d6bbfce354ec5f46f57ebdfc9e13,nat-cli-wil-wil,2021-0832-USA,USA,2.0,0.0,3273.0,381.0,3654.0
84bed47d4718f552bc05e953e3f3ba80,0bba78cdc7841380d2e1d6581dad34cb,nat-met-sto-tor,2022-0126-USA,USA,8.0,0.0,90.0,0.0,90.0
d9ab533c20424c369896afa378bd2b08,aba05562e8ea4be61e66d56a61821cab,nat-met-sto-tor,2022-0157-USA,USA,5.0,50.0,0.0,0.0,50.0
8e18e96e20962d7ecad076aa62fe07c8,b90bacf8d45f84e7e3b103e0f18f6119,nat-met-sto-sev,2022-0185-USA,USA,2.0,0.0,90.0,0.0,90.0
4235272786fe1c3b724f3909817b2178,fc8f51be6fbfe63d065063b5963f60fb,nat-met-sto-tor,2022-0212-USA,USA,1.0,28.0,15.0,0.0,43.0
0794a4782d047e255c666bb9f7e925a8,1be133b5ab477b790c4cf94da8f883a3,nat-met-sto-tor,2022-0261-USA,USA,3.0,6.0,300.0,0.0,306.0
844863f6eac74b0f3074b2dae3276bfc,8584eb68298f1b4a7b6c36fcce133a05,nat-met-sto-der,2022-0325-USA,USA,2.0,12.0,0.0,0.0,12.0
f590c69b4f726e744cbd6d88c8f881ee,2ba0643a08b2e906f0b9f1cb0e39be2c,nat-hyd-flo-flo,2022-0480-USA,USA,42.0,0.0,475.0,0.0,475.0
e9c6a75300320ecf95d76a8628911750,b3ea4071e81d5c5625ddece272f627fd,nat-cli-wil-wil,2022-0486-USA,USA,4.0,7.0,33.0,555.0,595.0
fa6f4c052ed71f888fb0765e824842e2,7395001eb221df27fe1f105064dd13ad,nat-met-sto-tro,2022-0603-CAN,CAN,1.0,0.0,4000.0,0.0,4000.0
00fc984be9fe09eeface3c7cbcbdc6b1,1df69b942b3e4b89a43b58924a2ae138,nat-met-sto-tro,2022-0734-USA,USA,5.0,0.0,1500.0,0.0,1500.0
46423fe95a76a1052ab70b59276bc9dc,00be8b56d45d33ba2441add34f4f2b93,nat-met-sto-sev,2022-0735-USA,USA,2.0,0.0,600.0,0.0,600.0
5500ce9c807d81db8b93888eb222b96b,6fd34895658537ec64df9c0714ca9317,nat-geo-ear-gro,2022-0808-USA,USA,2.0,12.0,0.0,0.0,12.0
2ce8c35b879cc2d557ed2314b15d6373,574f2eba43d72e87c61768739a774c8c,nat-met-sto-sto,2022-0811-USA,USA,3.0,37.0,0.0,0.0,37.0
dce736ef7c17c704f93da26cbe0372a8,f730fd0ff5f819eaf7e27ea59b15949b,nat-met-sto-sto,2022-0863-USA,USA,18.0,0.0,717.0,0.0,717.0
616071764371783e1d476d22929cf70c,402e5210d17a7d848446b79833165ba9,nat-met-sto-tor,2023-0032-USA,USA,11.0,49.0,0.0,0.0,49.0
446c1c4e611d9cc4345a291f0208ccd4,7165c62b36e2b7a3065a77164adb8428,nat-met-ext-sev,2023-0052-USA,USA,10.0,25.0,0.0,0.0,25.0
113afcd59803bbccaf9a5ff8452ed6d5,b6820b7f638931d32ed5e43cefc56dc3,nat-met-sto-sev,2023-0135-USA,USA,3.0,0.0,551.0,0.0,551.0
13c2ff9f471ec26419bea8becbdacd47,116501842fa588876bb9014efccb270b,nat-met-sto-tor,2023-0176-USA,USA,25.0,72.0,6000.0,939.0,7011.0
976dfbcb727a08b152ed094744e465e5,a7e60f4d1c5ea9142f372b6128304311,nat-met-sto-tor,2023-0192-USA,USA,31.0,200.0,5544.0,735.0,6479.0
2c7991763ab95dd84d36210eec06a1e9,bfdc95d77da93b23923c90512c73e3c2,nat-met-sto-tor,2023-0206-USA,USA,5.0,5.0,225.0,36.0,266.0
c2c574aa5bf5edbfff81f7e4fd3afe80,9856228eaf3997cf8023b6d70618adfb,nat-met-sto-sto,2023-0239-USA,USA,1.0,12.0,0.0,0.0,12.0
192765020da179eeb950ab8eb5e2d20c,92ec18492b7e1041d04cfdc723715799,nat-hyd-flo-flo,2023-0272-CAN,CAN,2.0,0.0,1000.0,0.0,1000.0
10af6f2d3469907c56f0a03dc54ceca9,2c53bcaeed4aa48b9489cffb1134d617,nat-met-sto-sto,2023-0324-USA,USA,5.0,135.0,60.0,0.0,195.0
084ced863bb0c80b9c33cbfb1faa2e38,07d44223e3bcb5e7951ceb032870bcbb,nat-met-sto-tor,2023-0332-USA,USA,3.0,12.0,600.0,0.0,612.0
532247c67b4207f77e806f2869337939,9d459badc0a13737f647a11e1824420b,nat-met-sto-sto,2023-0370-USA,USA,8.0,100.0,0.0,0.0,100.0
e1d9605b73df52d019a0b06a5db581df,045ec5c39f159779e1ef86a0e98527f9,nat-hyd-flo-flo,2023-0465-CAN,CAN,4.0,0.0,450.0,0.0,450.0
9b25771c28dd59f161dfc671603ff3d3,d51121cee49444e354098f174a76f92b,nat-cli-wil-wil,2023-0524-USA,USA,128.0,0.0,7695.0,0.0,7695.0
862180e1258c91be842efad0a2d510f0,92c52028060cbc6d57abe7f3bb5bda74,nat-hyd-flo-flo,2023-0785-USA,USA,3.0,0.0,126.0,0.0,126.0
63a65b0dcca5ef87a46df95448d5ccd5,b0b6ebc0e5fd7339290722d98cd5b3d6,nat-met-sto-sev,2023-0826-USA,USA,6.0,91.0,1950.0,0.0,2041.0
7e275a737304906eac2669ed494eed92,0dd8711cc0890dc440217aec2da96e48,nat-met-sto-sev,2023-0843-USA,USA,7.0,12.0,57.0,0.0,69.0
fb9fa53a1087df41ec3ba19756bfa00e,9b4c8af0f922033a9d7b1af5a11b0aff,nat-met-sto-sev,2024-0004-USA,USA,5.0,11.0,0.0,0.0,11.0
fa5fd58e2595f2cf4dc66d4db0da7ede,6ad7ba8954630637a8f6595fa856d674,nat-met-sto-sev,2024-0062-USA,USA,9.0,0.0,86.0,0.0,86.0
ef710ae48d8091e8a42545c176dddb31,81732bb61a313ea67810336c1ed24a5c,nat-cli-wil-wil,2024-0126-USA,USA,2.0,0.0,300.0,39.0,339.0
7d47cc1d04fef9200354f13153afac6c,53483dca6647cac7936b55d57ca3ff4e,nat-met-sto-tor,2024-0173-USA,USA,3.0,70.0,0.0,0.0,70.0
12babdfa7820da13a5bf601b9bad3d4c,dadeb0cefb215d26afd818e99a68873e,nat-hyd-flo-flo,2024-0205-USA,USA,1.0,10.0,216.0,0.0,226.0
378a982ca0b3169f7aa739f481fec21f,372f29215b271ecd31c93f19b0b5475b,nat-met-sto-tor,2024-0266-USA,USA,4.0,0.0,558.0,597.0,1155.0
c6ef4f62680f9da52ffc9f3ed7e927fb,1f1c626d6acac3d55420de912e10ae2d,nat-met-sto-tor,2024-0314-USA,USA,5.0,35.0,0.0,300.0,335.0
0a6e1b2b208d1cf541debc8677ce4658,6b107dd4d698da63b6fcdaad1736d110,nat-met-sto-sev,2024-0340-USA,USA,23.0,80.0,102.0,0.0,182.0
a69294584778cfc2af081b9529afa12b,e8feb1f6753e2fa2fe030544caf079dc,nat-cli-wil-for,2024-0403-USA,USA,2.0,2.0,1500.0,0.0,1502.0
fc759201f69f5fdda292f31c9f82479c,bf62a4f21d9fc911d859d5b89d5be8c7,nat-met-sto-tro,2024-0422-USA,USA,45.0,0.0,207.0,0.0,207.0
e93fa5d59a214bbde2de70b1e82901df,ab8d0da25b8b64a6cc5c9c20c233bec4,nat-met-sto-tro,2024-0722-USA,USA,27.0,13.0,1000.0,0.0,1013.0
6e26acc38a6baf7d2b9d070a28480ddf,d3c8fd83d0c60abb72065d86a11f7af9,nat-hyd-flo-fla,2024-0788-USA,USA,2.0,38.0,300.0,0.0,338.0
4b2fb0aaabe0142bbc75a4177a6cb4c5,9fa093f7e331e289388ea55628e9a8b3,nat-met-sto-sev,2024-0814-USA,USA,5.0,11.0,408.0,120.0,539.0
