ImpactID,DisNo,Classification_Key,LocationID,ISO,Start_Year,Total_Damage(USD),Total_Damage_Adj(USD)
5cdf3bcf14b636dcea834bde8a1d89fa,2000-0021-USA,nat-met-sto-tor,fdf4015cbad28df1537d0de94c0af34f,USA,2000,210000.0,371587.0
5370ecca580bd7737acae78e8d820169,2000-0067-USA,nat-met-sto-tor,018f2d7f660af07db0c732dde694aa53,USA,2000,,
aee9ba2fd62e6a9ad6c976d5503c5011,2000-0080-USA,nat-hyd-flo-riv,47dbeba351610a968c5871a5f626e8d5,USA,2000,,
141de4c78e696b24e06af81baf193ea5,2000-0128-USA,nat-cli-wil-for,4905b64fba2b30cbd9797a8104c92eeb,USA,2000,,
28e519b25fa779a2c599392458dfb094,2000-0175-USA,nat-met-sto-tor,fc536fba4231e565318243bdbc120c66,USA,2000,450000.0,796259.0
37a607d222456968f0bf6d2a3bb2b47c,2000-0232-USA,nat-hyd-flo-fla,311440a7361606f1732c68908996c413,USA,2000,,
56664d2838451fe35810469aa14359a7,2000-0271-USA,nat-hyd-flo-fla,35c1366a25368508cfee14fb2697f767,USA,2000,,
a40eb3c39cb1593c5b80913b5dab151e,2000-0279-USA,nat-cli-wil-for,0c53016aaa346dd9d4f180178220c941,USA,2000,,
9ee6b3ab4918c1cde53a407907a96345,2000-0296-USA,nat-hyd-flo-flo,b78ab8ae51b4acec216a0d6b92f01e11,USA,2000,,
a0c0197b167e4b78744a4acea0da2e7c,2000-0297-USA,nat-hyd-flo-flo,4a58e080873c738c9542d0d899f7b1ad,USA,2000,100000.0,176946.0
842b74e4c99dae679b2be0190143e5f8,2000-0338-USA,nat-met-sto-tor,6451dc2bd79495ab50b7eac5ec7b2be9,USA,2000,28500.0,50430.0
f0b66b60095d2de3ff2e42767f770397,2000-0360-USA,nat-met-sto-sev,ec803141f23749673e5788cf75da5665,USA,2000,,
4457e9cebfe65c450ebb1bdc823ddf23,2000-0363-USA,nat-cli-wil-for,44de30f55908627219a4cf4082832868,USA,2000,,
ba414776194a5594cbfe0dfc31a24d19,2000-0406-USA,nat-cli-wil-for,9443e224a91989ae1e26241b206e9882,USA,2000,,
eb29f08135112418d0175280ae1e9cb2,2000-0420-CAN,nat-met-sto-tor,a39676f78733744184dd1e7b59af5fc3,CAN,2000,13000.0,23003.0
a6f69db763c0932834083f5b96a6c30a,2000-0463-USA,nat-met-sto-tor,0e5b6f4141435d37828e97c1e1fe79e3,USA,2000,8100.0,14333.0
2f0c9e34a82dba179c7670756ce274a1,2000-0500-USA,nat-hyd-flo-riv,329cbfe8ff120179f3f72ba6e4c954a9,USA,2000,166000.0,293731.0
a03fe066ee39153f16e3eabc6feefbea,2000-0502-USA,nat-hyd-flo-flo,960c93cd048d8b522e62140eb4aec4f5,USA,2000,,
23f2d7e66b695bb64efbc5deb44261ea,2000-0598-USA,nat-geo-ear-gro,b19b4b3384707cd59a68792f0271be06,USA,2000,50000.0,88473.0
156de1c3a4edcf5fd67a8f0eced9d3c5,2000-0614-USA,nat-met-sto-tor,1a59c9722f707d6bcce3d2897161c93f,USA,2000,90000.0,159252.0
b9af99a2ac300885c5a06081f9fa953f,2000-0652-USA,nat-met-sto-tro,8ee69ff1754833bcf98630ce4093f67a,USA,2000,219000.0,387513.0
e4cb4a17286ed6ca4962f087e0c50ec5,2000-0756-USA,nat-met-sto-bli,d66cf9da3e2ed2ab355b4590caa1904c,USA,2000,,
fee1fdbd02d5db12960efce4c627244b,2000-0838-USA,nat-met-sto-bli,93ad49638ca7ec2f7ff194a2327311ba,USA,2000,,
7772db3054359660cbc0fcfa032d1434,2000-0865-USA,nat-hyd-flo-riv,bd826773f78a312face2252d8c15730c,USA,2000,20000.0,35389.0
06d8b2e60dc17538492e26853f317e0d,2000-0919-USA,nat-met-sto-sto,17f0fd70d22110f097db8f88da8e9a13,USA,2000,350000.0,619312.0
89b7ae3bbdc3119005b0670e66cd779f,2000-0937-USA,nat-met-sto-sto,a1e83d7fa3190a7286debf290ce4e77d,USA,2000,500000.0,884732.0
f4dd3cb711526c7cb4470fa8b1fdd2f9,2001-0052-CAN,nat-met-sto-sto,99317952bfbde052f7731817e3763423,CAN,2001,,
121ee3de0fc3d8ca66fb93988bfb3fb8,2001-0099-USA,nat-geo-ear-gro,f224b66f0817a9e29882a65a17e3270b,USA,2001,2000000.0,3441661.0
8a08208b3e8bb01fde8975a733c8e3bb,2001-0102-USA,nat-met-sto-tor,4129e64535f82c2d7427044b958c8144,USA,2001,250000.0,430208.0
334ca07e3b5a4ed23f8de7b5af60d21f,2001-0106-USA,nat-met-sto-bli,26027015ef5f04b703037d851cdc6b5b,USA,2001,,
e09edf3008823d00ae674a2b7989ca7c,2001-0145-USA,nat-met-sto-tor,f592852d19b8a08672ab6af64660de85,USA,2001,23000.0,39579.0
4b82b467ccc0cd858d42931e57eeeb0c,2001-0194-USA,nat-met-sto-tor,f95f9e974eed9b98aaa0ceb43450575a,USA,2001,1800.0,3097.0
72ffb616368e11dc8458ca747df77431,2001-0242-USA,nat-met-sto-tro,f7878def899a9a3c017db67551b677cb,USA,2001,6000000.0,10324983.0
1be48f8fe68f50d1e2a19f45c282efbf,2001-0262-USA,nat-hyd-flo-riv,e67074f1d937b9b03eda1621ccba83cc,USA,2001,,
1d834c835d9c01a6f04282fdf7ccc8fd,2001-0266-USA,nat-met-sto-sto,b3fe05a4aa7e5bf1aa3abc82fad42402,USA,2001,,
eec338274210e6aed14e42ebb067c249,2001-0268-USA,nat-hyd-flo-riv,f8d83830c726cd01cf5eb6f45094af6e,USA,2001,13000.0,22371.0
ebe3655caf5fd552e82497c9df70b2e4,2001-0270-USA,nat-met-sto-tor,febe9b5ca540b191dc2377137375b517,USA,2001,,
1fffb45b57cc327b48059b9c73b4b2a5,2001-0340-CAN,nat-cli-wil-for,e214a0f963ce02deda0b615315072884,CAN,2001,,
6e6dc9d81f6f18a6e9a8f58c778344bc,2001-0351-USA,nat-met-sto-tor,0dcd10bfe6f706a4860a1f26e447b8e9,USA,2001,,
007f2c6898cdedc5a323aebf75122289,2001-0460-USA,nat-hyd-flo-riv,76961cfe2c080bb356e88b8f2410377a,USA,2001,20000.0,34417.0
ab645cbf565a8210f06a5bddde3d98df,2001-0473-USA,nat-met-sto-tor,13e5b16a9a95c4d6de9c63625f3b1b03,USA,2001,10000.0,17208.0
44b49f687f0eb0c2f0fa1b540f5eeb09,2001-0474-USA,nat-met-sto-tor,3e1a92b16948b7201eb45ac5029590d5,USA,2001,,
19e53d1ecc794000de2b87d00b44a18e,2001-0477-USA,nat-met-sto-sto,980306620017e2940eaa4486a395208f,USA,2001,,
449dcbdfbddd0b81373417b23408b905,2001-0564-USA,nat-met-sto-tor,96f7a5c016214416e6cd87251b6069c6,USA,2001,,
3c8442836d68e40dfb277fbc5dcc8d90,2001-0566-USA,nat-met-sto-tor,2fda735d09e21ebda7653e185e20e553,USA,2001,30000.0,51625.0
3de3f33fd441cd289658cc01ddfec078,2001-0601-USA,nat-met-sto-tor,5937ff9649471ecec1710652d74ccd19,USA,2001,4000.0,6883.0
636bfab3c256edbbcba020df25afb7ba,2001-0602-USA,nat-met-sto-tor,a29495a10dd92932117cdd616a3df5f1,USA,2001,7000.0,12046.0
9926e217d87dc180a1fbe9f9cd3eb95f,2001-0722-USA,nat-cli-wil-for,1f9cc520e1ec5f884efbb16e4443935c,USA,2001,,
240482092817af7a231994486853b71c,2001-0724-USA,nat-hyd-flo-riv,d3ba5c2881c151d919de91b31db083ed,USA,2001,,
58f4a5a0b3c51cb6d9e564c934c22d92,2001-0773-USA,nat-met-sto-tor,fd2cc0ce25acc075a262d55942aa64c0,USA,2001,3000.0,5162.0
fca0df58f1a9538ae9e4e9a8d6d3113a,2002-0092-USA,nat-cli-wil-for,6fa0c95e2530f6c5d55a8f196e16f3ec,USA,2002,6600.0,11180.0
70261210f1583efd0efaa11510ba89c8,2002-0119-USA,nat-met-sto-sto,020dcfd6cd6b6330bdb39fe7e0e629dd,USA,2002,400000.0,677585.0
e25e4cb257bfda9f05616f111ae3d1e0,2002-0165-USA,nat-met-sto-sto,9c9d9f755311e2bcb8160c91758d1dd6,USA,2002,200500.0,339640.0
a8993afce32619df55191529c462e0de,2002-0183-USA,nat-hyd-flo-riv,0b3ba8ccf130cfde28d6b3a3973c925c,USA,2002,76000.0,128741.0
23786567fe464aaecdc7934cc001ca31,2002-0266-USA,nat-hyd-flo-riv,9dd35dc624c9958ff14d316f98e56e8c,USA,2002,13000.0,22022.0
e0964363ccf47fa648664b654c1454b0,2002-0283-USA,nat-met-sto-tor,c487c3dcd39b26f2e47c88b493d45135,USA,2002,,
e8df16d9d9feab6d75648d1abdb4e171,2002-0287-USA,nat-met-sto-tor,5bfef99798c32a229a0cd72306e2a1f4,USA,2002,4000.0,6776.0
98f7a020dabac8d34e776c6ac50f21cc,2002-0310-USA,nat-met-sto-tor,68a3452e3143ee9da4349d67a1af781e,USA,2002,2200000.0,3726720.0
923aca58ae7f656d80f961f19aebfe4a,2002-0351-USA,nat-cli-wil-for,ab1029ce8274e14b4d8e6eb90bc25fe0,USA,2002,20000.0,33879.0
3dfc10fc87be3d6526fb8a6e1d8eeb18,2002-0379-USA,nat-cli-wil-for,37697bcf3c2684254a602e957e37ca13,USA,2002,200500.0,339640.0
39c5fbfe9086151a55abda9e0c23a168,2002-0404-CAN,nat-hyd-flo-riv,842179efcddeb7e25e21f3978d2b2a2e,CAN,2002,,
ae72f74a3ac693a029b73d8fec716f16,2002-0411-USA,nat-hyd-flo-riv,e315f418914918d1881c6075e12ff7fb,USA,2002,1000000.0,1693964.0
8fb09b06844dac8e1f94c328dedb89e6,2002-0502-USA,nat-bio-epi-vir,f8975662ae91f21f5c628aa34770805b,USA,2002,,
08512b4aa4cddb721afaa9b4b9ce1e1d,2002-0569-USA,nat-met-sto-tor,5af70e98bbf55e338d089665cc5224e6,USA,2002,20000.0,33879.0
d591347d9b4fccb322848fb1d98fc40b,2002-0600-USA,nat-hyd-flo-riv,dc7b28708ba4bf61e2abd1b4203ff5dc,USA,2002,,
9973efd85faa20731e9b24d4e916f7e1,2002-0618-USA,nat-cli-wil-for,822871cd1ec087cf19ab445ce49062dd,USA,2002,,
0c0801708a595d021c0b75624ec52389,2002-0652-USA,nat-met-sto-tro,8c958f4fc8f1defd53010ec800ba755a,USA,2002,300000.0,508189.0
5462a31c348a921e06f1584d81c1a509,2002-0667-USA,nat-bio-epi-dis,afd0bba560ad4ad5f95cebfe3c3024d5,USA,2002,,
82b3b236b1538d588100b7ea30533261,2002-0700-USA,nat-met-sto-tor,4001bb7dacb978df2c4db12221b32dc4,USA,2002,700000.0,1185775.0
1843a7e746bb7099166c93d459fe106e,2002-0724-USA,nat-met-sto-tro,35d759aa2bff24f59596e635dc8563ae,USA,2002,2000000.0,3387927.0
e4c7adf4666576c95be0b4601b8bdad7,2002-0751-USA,nat-met-sto-bli,e92af25c8b787754578742a2d1acc613,USA,2002,450500.0,763131.0
987591094f8e76b20d562c7c9863b343,2002-0793-USA,nat-met-sto-sto,6209a6b37c8555cee3b95abc76fda40d,USA,2002,,
6ea78b84e68d5db245c69837118d8228,2002-0802-USA,nat-met-sto-bli,cca51308936a85799f3662aa0b3df1e6,USA,2002,,
a0030c42a6dcaeaed6f637d6f2c1254f,2002-0880-USA,nat-met-sto-sto,4edc8c1c3765b309c0bc596793490b86,USA,2002,,
c99c84f7ab42d91883d34b0648380718,2003-0085-USA,nat-met-sto-bli,913ecac7739d105ea477266738019bcc,USA,2003,200000.0,331273.0
0a10c3152fd7133547659a255fd36825,2003-0087-CAN,nat-hyd-flo-riv,dd6eb6f589c09740f176fd31d43bbe65,CAN,2003,,
141d9a9af260d0e79eb0520ba8aa651f,2003-0139-USA,nat-met-sto-tor,e5202bd333d156b43dcfda233cf55643,USA,2003,5000000.0,8281813.0
3caa8683f3aae2c649ff78ffba232c33,2003-0147-USA,nat-met-sto-bli,3df02e797d098d28b9a64b4ebcabf874,USA,2003,25000.0,41409.0
bdeba8df0028a59609c6ef39f289bf3e,2003-0210-USA,nat-met-sto-tor,9950fbc75f6c33e5e7c87999a25348b5,USA,2003,4000000.0,6625451.0
df3d8cc6ed041545a8814e5eb8d8c2fa,2003-0231-CAN,nat-hyd-flo-riv,f7d35800ee354a760abedd625d31d8b4,CAN,2003,10000.0,16564.0
ba3c1396a3471c675ee2af133ce2c74a,2003-0299-USA,nat-cli-wil-for,a75e6565fbeb802376f9ec8cd5b1265d,USA,2003,,
533c16c8e8ed5623b7ae9796aa9116b2,2003-0334-USA,nat-hyd-flo-riv,ed3d6e57c5d489aa7d7d78d48b23f138,USA,2003,106000.0,175574.0
4fe2b7040aa428f40a556c080e0eb3ef,2003-0369-CAN,nat-cli-wil-for,65b1ab665faaaf370991ab93922c2cf9,CAN,2003,545000.0,902718.0
b2273788f3e89a0963d4da38b2b97b60,2003-0413-USA,nat-met-sto-tor,8726194ca81c69725244df2032f65c60,USA,2003,,
9c22ee5fa4a62d7a273aed0738bd80da,2003-0417-CAN,nat-hyd-flo-fla,48c3b98fe6b6c537b01a88bea9bccbc3,CAN,2003,10000.0,16564.0
aa5cfe43423d2d02d84db4d4e2bf8929,2003-0448-BMU,nat-met-sto-tro,fc21653bd5a35cf6590c6f0d4d9e9220,BMU,2003,300000.0,496909.0
7bf4903f62391239f486f3b57c5f4c47,2003-0468-CAN,nat-met-sto-tro,7ec368c7a3b9988000c181908afdf58f,CAN,2003,,
57aa7fdca9d0639ee38c4f756a99c1c1,2003-0468-USA,nat-met-sto-tro,bdce2d89310579aa2fd2a064087b6923,USA,2003,3370000.0,5581942.0
61e561e71a36bf45f43c5bfe40b9b9f5,2003-0487-CAN,nat-met-sto-tro,f11351deb725f2fc25ad395b90057599,CAN,2003,110000.0,182200.0
00733c044008147bae3d7cf50330a416,2003-0511-CAN,nat-hyd-flo-riv,8b3a09e01b5e4bfc5ec612057c0b2215,CAN,2003,15000.0,24845.0
41d6a6a0049ca68a156a808f666b1e68,2003-0511-USA,nat-hyd-flo-riv,e3b095bef99a9e7f2b3d1dcd607e40c1,USA,2003,,
458c005c6b1ed49e2de74ea9755c5028,2003-0518-USA,nat-cli-wil-for,449092b59518297a89c999e58509870e,USA,2003,,
b8e8e837477d429b13040acb8ef372eb,2003-0595-USA,nat-met-sto-sto,721193611305941fb5a3272b1cc74421,USA,2003,,
f76abf3c02043c890d3c823c10674780,2003-0618-USA,nat-met-sto-bli,a22efbe6071b05039493a868f1ac8dd8,USA,2003,,
53d0890532e662c689f78242e2bb7e14,2003-0623-USA,nat-geo-ear-gro,5e864023332900b9f57b0afdebd0a00f,USA,2003,200000.0,331273.0
15e2dfc57f57a4206f95e1c003cf91d3,2003-0633-USA,nat-hyd-mmw-mud,97e5432c4351084379960871b1964204,USA,2003,,
fb069eb74e40db79e3379523a0adb699,2003-0663-USA,nat-hyd-flo-fla,6e2f022a3648c38d6702f718d57e481d,USA,2003,,
bd62bf7099a7ea1e69dc25d4f5f93354,2003-0741-USA,nat-met-sto-sto,27ff55bf52a6899926bd87ee3d976a9b,USA,2003,400000.0,662545.0
6473e700110abe2e2f83c2949fbf20c1,2003-0756-USA,nat-hyd-flo-riv,793b06c570e0e254b32816f24d8de79b,USA,2003,17000.0,28158.0
7988a7098c93878ed679298f17be0d9d,2003-0780-USA,nat-met-sto-tor,2638a04b05cccb27aa76b3ee42e5f159,USA,2003,,
a87a33eba417f9280dc89439e260a53b,2003-0782-USA,nat-met-sto-tro,7e6fe71bd59f1308a1badf54344dc8a5,USA,2003,50000.0,82818.0
972a9b86df0bcbda6390f1698aca0950,2003-0786-USA,nat-cli-wil-for,97e5432c4351084379960871b1964204,USA,2003,3500000.0,5797269.0
6002cd78e4ac894084a8137f1e36c1f3,2003-0827-USA,nat-met-sto-sto,7988ee991c9ec08eccabb8a3ce2aeda7,USA,2003,,
2422180166a24b685c0ca686d95f6f12,2003-0829-USA,nat-met-sto-sto,8f779ed2a1c70bb9d7bb7fa47b35690e,USA,2003,2100000.0,3478362.0
246a7072626a000cb96bed1dabef3aea,2003-0830-USA,nat-met-sto-bli,1594d352cebd401ae0768e616ebfe4fd,USA,2003,,
cbca3133bb9d905b12f16d9e3bbd03bd,2004-0031-USA,nat-met-sto-bli,0d62ce31ee5369c2eef31086a3cc090f,USA,2004,60000.0,96790.0
d7de18a76b911bb69f08d52607dfb075,2004-0074-CAN,nat-met-sto-bli,2a8d19d41e18062d6fa6c1fbddc0b726,CAN,2004,,
c7a249e72c01bcb58190a1d74dfa9323,2004-0121-USA,nat-met-sto-tor,462b56788ee916d4482596fec30159d2,USA,2004,300000.0,483952.0
bad8357958ef95a3e92c4736fa46a5e1,2004-0146-CAN,nat-hyd-flo-riv,3282eeb43c9b7a5b639d7e3cde928dbc,CAN,2004,,
53d136a92dc7930fcf07c0122bbe5bd8,2004-0146-USA,nat-hyd-flo-riv,f3d47fa0d4b007c956fa5e7dde2f5eaf,USA,2004,4500.0,7259.0
fb4ab09c191d836029ba14e1a974a996,2004-0196-USA,nat-cli-wil-for,46e95c8a928c33b87a5c10d57eb909b9,USA,2004,,
53e8f9a69406fc49018e057189c2c0ac,2004-0245-USA,nat-met-sto-hai,ad59814de937c8dc5b4d5a1f71157857,USA,2004,1100000.0,1774492.0
2128d6d8b596c59cb279e4146a045504,2004-0248-USA,nat-hyd-flo-riv,0ee73c0f5c8b1d73955802fda95f3c56,USA,2004,,
7262561d132bd40f5487bff673aef7af,2004-0249-USA,nat-met-sto-lig,40b351b66b49a3cf70ebec1230bd9805,USA,2004,700000.0,1129222.0
8eb02a5b2d1c1e0af7be18169514a99c,2004-0338-USA,nat-met-sto-lig,a9a0f7de834dc6bbb96baaf659973099,USA,2004,170.0,274.0
f83339bba39a51472409921bbde2c131,2004-0346-CAN,nat-hyd-flo-fla,be8e5b623dced5150518491d05ede467,CAN,2004,200000.0,322635.0
b4a5a49f4fa1c93ca88e854aca027499,2004-0348-USA,nat-cli-wil-for,d0fc23a7dec2490f6c03a681ee9ced6d,USA,2004,,
7778c1f576a51eca021084e8ab7a89b4,2004-0415-USA,nat-met-sto-tro,7a06dcd31f813e1485cd3fb65f3aa463,USA,2004,16000000.0,25810787.0
af60fc622348345d51439f429d999096,2004-0446-USA,nat-cli-wil-for,ad1cc8f74fdfa5c1a2c7032ec76df0d4,USA,2004,,
a470d847828f436a339b2937c083564d,2004-0448-USA,nat-met-sto-tro,ca9441096a24d4ac0fd8412b80561856,USA,2004,62500.0,100823.0
2764ce718cb40a21b0437b221b09cdaf,2004-0455-USA,nat-met-sto-tro,575c675cf489d3c8a9febc223c62ce08,USA,2004,11000000.0,17744916.0
5e4bfc3f61be88ef19251d27e0d76180,2004-0462-USA,nat-met-sto-tro,687d2017555d5d616383196e6e79ed91,USA,2004,18000000.0,29037135.0
cfb3095aabecd8576f30fb845fc3222f,2004-0473-USA,nat-met-sto-tro,6dab3f46a54553c8c1ba065f296ca031,USA,2004,8000000.0,12905394.0
c585a29a866ea732857c122a82eb48c6,2004-0502-USA,nat-met-sto-tor,fe4bf0482434af2cef843b1582341536,USA,2004,2100.0,3388.0
cc3df082ef5206af44c004ff8a9e339b,2004-0572-USA,nat-hyd-flo-riv,704c7ab940171c820a7da95efc2a55a2,USA,2004,1000.0,1613.0
4b88cc98ae82518230f91d85be2f1c7f,2004-0675-USA,nat-hyd-flo-riv,611839669c874d3c42ab279196f2e377,USA,2004,500000.0,806587.0
59ea825a1194707a70e7407face6172f,2004-0731-USA,nat-met-sto-hai,89f9a0a70c4a4f88e7a6f946431960b1,USA,2004,,
0eabc29261e5fdf2049682d9efbd41e3,2004-0740-USA,nat-met-ext-col,5521f47a7e0c99ca24c918ee30c98ec1,USA,2004,,
691d1cd24ee466ba125b3edd587fc4f8,2005-0015-USA,nat-hyd-flo-riv,8b83291806e7b6d05e706c39ff41f206,USA,2005,200000.0,312048.0
dcb0a6fc21c0ab1f162e751e291f72f5,2005-0029-USA,nat-met-sto-bli,09211ccf51a2a1beed0e87f420d96839,USA,2005,350000.0,546084.0
fc0edaaa7b18ad7adb2dd085267248f5,2005-0103-USA,nat-hyd-flo-riv,6e2f022a3648c38d6702f718d57e481d,USA,2005,250000.0,390060.0
0236c7553030484c52b27000aae2c375,2005-0203-USA,nat-hyd-flo-riv,0ee059bb2ef925aa8d44095ffe11c897,USA,2005,30000.0,46807.0
8e5af6e9db32f012fabf521daf49b037,2005-0219-USA,nat-met-sto-lig,fc3f84450bdece7e465003f357665681,USA,2005,350000.0,546084.0
15a0e5299c44a440c32638c9a167fcbc,2005-0286-USA,nat-hyd-flo-fla,63267807c3c76d8004aea1696a53ea35,USA,2005,5330.0,8316.0
0a7364897d5af528b503a365740bb993,2005-0351-USA,nat-met-sto-tro,1f45482df19c9faab2a9100d4b549b39,USA,2005,2230000.0,3479333.0
2207abd0e2b40a03295078dbea23ff22,2005-0467-USA,nat-met-sto-tro,6461b0edb618d205706664c9d18e48b8,USA,2005,125000000.0,195029889.0
d0a737b9937595465c039bd4080dd166,2005-0530-USA,nat-met-sto-tor,c916bf3359acd301f94a8aa2bb47ac93,USA,2005,,
cbf4f30da5a1eef0e050fe616994286f,2005-0547-USA,nat-met-sto-tro,b040fef7fbbdce8f051d6e52ec474192,USA,2005,16000000.0,24963826.0
be76161b49e7156b523e8a2f5e4f0c54,2005-0553-CAN,nat-met-sto-sto,e37e7bb45ec25beceec5698bf76a012b,CAN,2005,,
53bd9a657e7aae52b45949e38bc7bc59,2005-0583-USA,nat-hyd-flo-riv,82d4e10b6a0d28668d70271f4316a10f,USA,2005,,
119ffe85f59c1a771908b8266be6a62b,2005-0585-USA,nat-met-sto-tro,d46a4b0183a12c7d6f349beb066a5c66,USA,2005,14300000.0,22311419.0
c39f93ba75266783cbb35beb189abab6,2005-0591-CAN,nat-hyd-flo-riv,3af865903825e0202a3d8dc22700f4f2,CAN,2005,,
1f2ebcb787151e13498dad6b873d3990,2005-0682-USA,nat-met-sto-bli,efe63079da3a1c2de89e298a4f6d48c5,USA,2005,,
67aa275921206de697c40dee5dfe042f,2005-0687-USA,nat-met-ext-hea,acad1824d5001e388997e5ed6145ff43,USA,2005,,
b71e5ceaa74478a42697b046ed419f63,2005-0716-USA,nat-hyd-flo-riv,2a9524874555d4c4439add6fe6dc2aaa,USA,2005,245000.0,382259.0
f1d1fd838d7d51c5e7c22cb31a134ec8,2005-0724-USA,nat-cli-wil-for,21a11199fb0b908a3b228c1f8c1f6d95,USA,2005,100000.0,156024.0
59796251f79c37c8c70f44a373527b6c,2005-0728-CAN,nat-hyd-flo-riv,76448680b8eea9f33e4e851e4e791714,CAN,2005,357000.0,557005.0
6b3811396ebc251cd6ba3ff03b8087ab,2006-0128-USA,nat-met-sto-tor,413d0bc466a4675af7991a2c59e0c87e,USA,2006,1200000.0,1813776.0
42649e0a153ebf81f03ffe0157f27ec3,2006-0161-USA,nat-met-sto-hai,17b5e63af206976a6f8d12434273b664,USA,2006,600000.0,906888.0
6eaa319ec0800ba0e2967ed1adb604f7,2006-0171-USA,nat-met-sto-hai,57fdd16e93b00e1f2693a9df159c01dd,USA,2006,1600000.0,2418368.0
73b6fe362359dd80cb5b5abbb15a7c0c,2006-0180-USA,nat-hyd-flo-riv,3d3f99f24438f294efdb2aa9f5b502a5,USA,2006,259000.0,391473.0
f73a1bef9e6fbf90a23190dc659a0b05,2006-0182-USA,nat-hyd-flo-riv,05e1ce2f247bb6b3a0322522b868f944,USA,2006,12000.0,18138.0
2087e3c13564a30b25d4cbb971a235ed,2006-0203-CAN,nat-hyd-flo-riv,4c82e9cb36654ebf3f1c5bc7ee7068f7,CAN,2006,,
3d27b19d29516b23de5c26a1d0e8cc9f,2006-0206-CAN,nat-hyd-flo-riv,21794791953895ae39d0279cc2b097a7,CAN,2006,,
f9ec77ad5000b238dddec7dbc6420c23,2006-0224-CAN,nat-hyd-flo-riv,0a7403ac0466b0c03636ef62949cca1f,CAN,2006,,
a7e13cc6d9cf46e2b50df89688f76455,2006-0257-USA,nat-met-sto-lig,79cd23877f3a08f5b230696886f225c2,USA,2006,450000.0,680166.0
d4e88f859caa7c4f9bf411ac2da05f6b,2006-0260-USA,nat-hyd-flo-riv,d1f497eca13063f8f5d8aa9e19d47b27,USA,2006,85000.0,128476.0
b20615e7cb820bb0ff1a18f5479a5f10,2006-0261-CAN,nat-hyd-flo-riv,5521a187f4667a76bc0ddeb5c6fe6b2e,CAN,2006,,
add2955d86089b2a2447c2e14b82e1af,2006-0269-CAN,nat-hyd-flo-riv,868a030a4530425dc66b8caba4aef6e4,CAN,2006,,
51a1544eb1446b4c87dc98cfde26d622,2006-0341-USA,nat-hyd-flo-riv,02c278dd833f6bec06a2d46aec6cbc11,USA,2006,1000000.0,1511480.0
ccd0a85487149aa6727abe86d24ecfce,2006-0344-USA,nat-hyd-flo-riv,01a30d550084467082de1f6e61ce92d3,USA,2006,7000.0,10580.0
b4a3e30c4635d296949525fab62aa012,2006-0374-USA,nat-cli-wil-wil,083f22be571aaad4489547fc6a01cb9d,USA,2006,16000.0,24184.0
de6db375a29af985762e9e81adaf6c5b,2006-0387-USA,nat-met-ext-hea,bb63d1d9d9cca59a959a626a09abcb0f,USA,2006,,
fd7faaaa0d786d6b906c5b3a80e234cd,2006-0413-USA,nat-hyd-flo-riv,70914b47802b6f86f343ae15243e55f3,USA,2006,100000.0,151148.0
f62df667a88ef9dc59b514c25ebc326c,2006-0418-USA,nat-hyd-flo-riv,036cdb5f1e4d96c8684adcda3a2d302c,USA,2006,,
13f982e50f4435e7f70edfb0564f90f2,2006-0427-USA,nat-met-ext-hea,b0345d5156ee806c94a6dcd76da145e1,USA,2006,,
a88bbaa31f00bec391c51bb2398fe1a8,2006-0461-USA,nat-hyd-flo-riv,6a1c81a4ca1ef46bb7e10e57b6ffaf38,USA,2006,15500.0,23428.0
3448ee7afe70827f63025fb41e1a4bdd,2006-0466-USA,nat-met-sto-tro,feea5fd2b516c536eefbeecffde62c4b,USA,2006,32860.0,49667.0
32e9ec1b01488719ea815339e40e82d8,2006-0546-USA,nat-hyd-flo-riv,e891139c469b2338b302f8e76ff8da8d,USA,2006,,
fb5a232b7f1a29316aee0bb91d67f9cc,2006-0566-USA,nat-hyd-flo-riv,a0d7554fdd4f65bdd4a2466637969d6d,USA,2006,,
f61c7997cea9e160ee43f9ae7fbb13f3,2006-0576-USA,nat-cli-wil-lan,e7ec26152a6151b6be187f3fbf1f81bd,USA,2006,25000.0,37787.0
2742d01fbf18e6ee51098f4e318164e6,2006-0595-USA,nat-met-sto-tor,a9acd0eb70e19174c157883f74a1a0d0,USA,2006,95000.0,143591.0
cfdaa3b89254b0703bc2523ef8d1da0e,2006-0598-USA,nat-hyd-flo-riv,6a399b59daf6aca03d3daecac225189d,USA,2006,,
09cbaf88f6c143f386a74c1b58e02a45,2006-0642-USA,nat-met-sto-bli,de0487203251c7964256a290ffcf8d5d,USA,2006,300000.0,453444.0
d0ffe9a7f18f2bf397c43ac188c2fd2f,2006-0662-USA,nat-cli-wil-lan,56146f62b731ac3fa88395f5fd6f615c,USA,2006,25000.0,37787.0
7b0e6309b5e93b341fd8dcdbdd8b8cbd,2006-0704-USA,nat-geo-ear-gro,be52e634ed94b52fc40811a475e64888,USA,2006,150000.0,226722.0
7383989cd00f6d1ec18eba543780dbb6,2006-0706-USA,nat-met-sto-tor,d9e9e5afcabf0546e03b541a7bd21dae,USA,2006,90000.0,136033.0
101d4055d0c3e7e2bd1f06d82491d528,2006-0707-USA,nat-met-sto-bli,b4f5413a5d211954228f5fb155343aa0,USA,2006,,
debe41e41773eddf6930dd4bf8f9d044,2006-0718-USA,nat-met-sto-bli,d4b3566ce0750312499c53c14493c67c,USA,2006,360000.0,544133.0
bd5acbff8b1de38fb56b7d822c912ca2,2006-0743-USA,nat-met-sto-sto,d09d261bf968f0b273f2344564d630a9,USA,2006,,
1f5d98a436d7e728f29af630d2405a63,2006-0744-USA,nat-met-sto-sto,ecb0a4ef2b51ae8aa77c9004741cd4f3,USA,2006,,
df00352ea983842e8f14c91076c073ef,2007-0026-USA,nat-met-sto-sto,4df92ea4b06628c7da30cd1e83a65e12,USA,2007,500000.0,734779.0
91ccbd26b813ee84d08b1a5d0d045c96,2007-0041-USA,nat-hyd-flo-riv,b636e8d9ef7d16e1349a7aa638bac155,USA,2007,,
4008a2bb1ce0f7d0e3378f6051c96a63,2007-0048-USA,nat-met-sto-tor,85b355f9102d3005cf7fdd36fad724e9,USA,2007,130000.0,191043.0
6cac820861044e1c32a6aeb23001f47e,2007-0066-CAN,nat-met-sto-bli,f94f3b52cbd5af2fde490f86e6993a51,CAN,2007,,
fb263dcc7ef3ef46317c5f4fb770df6e,2007-0066-USA,nat-met-sto-bli,d1e8c9f732eaddf5fb7469648c7ff51d,USA,2007,140000.0,205738.0
5d85facf84feb89e3e2aba6bf611a44a,2007-0083-USA,nat-met-sto-tor,baeb5b99726dcf963f52b79e6d4848a5,USA,2007,600000.0,881735.0
5b5e54b26d239e94b53e53f649d087ce,2007-0156-USA,nat-met-sto-tor,d3ba5c2881c151d919de91b31db083ed,USA,2007,,
cee29cf0a7f09416a058ebdeed8ac89d,2007-0165-CAN,nat-hyd-flo-riv,f4e37e86b9bbed88026217c7b1374020,CAN,2007,,
b0d8cb204a10af50f66a00ed43807085,2007-0173-USA,nat-hyd-flo-riv,68b5f8aee1b929a1c215afdbddf14fe9,USA,2007,,
b3074efb5023267f6952e5aecec4b8c6,2007-0244-USA,nat-hyd-flo-riv,1b380ca2b8b0e7b010f846f2d3528b5d,USA,2007,,
010d7b76b69ebcfedd3d7bd845872f73,2007-0251-USA,nat-hyd-flo-fla,b0345d5156ee806c94a6dcd76da145e1,USA,2007,,
96781c9aa0fa886c7911fdfb065e1655,2007-0254-USA,nat-hyd-flo-riv,d24d8561a6cc974af9f3ed2505e69993,USA,2007,28000.0,41148.0
e3623bca0e7d39b33714f75d40e41259,2007-0351-USA,nat-cli-wil-for,2bb4f463331b77648a9f7a4204751d72,USA,2007,,
a356f2ea4762a926a7262dbff645f1b5,2007-0359-USA,nat-met-sto-tro,9765de2deef41970b03d073855db0724,USA,2007,,
def7ab912fefada57dba7faaf63724db,2007-0383-USA,nat-hyd-flo-riv,d8cf4223fb2b2554266cb5ecc54952e2,USA,2007,700000.0,1028691.0
59d0559f78d93043b54ac9d0a9cfa75f,2007-0519-USA,nat-cli-wil-lan,54468aa7e43591652bd3c19ed855676a,USA,2007,2500000.0,3673895.0
37b4afb760fcfb1f53b9f854ca39b199,2007-0579-USA,nat-cli-wil-for,eba5f1b2d79ba0166d65e226293a9387,USA,2007,315000.0,462911.0
f7e8dec458bf334683ea4b1eb494e455,2007-0581-USA,nat-met-sto-sto,6a399b59daf6aca03d3daecac225189d,USA,2007,1000000.0,1469558.0
eebacf367e99ca236c60bd405893f6c7,2007-0621-CAN,nat-met-sto-sto,7cdaeceabac736272ba31b062980fc68,CAN,2007,,
121195ddc4443ea46ab03ba01c381d68,2007-0621-USA,nat-met-sto-sto,7e24e06b2ed434e58a6d7a10bde9af9f,USA,2007,,
d54c9611f4e90c34bd73d16667c02379,2007-0641-USA,nat-met-sto-sto,7a1c76cc63416a024ad79ce87e8ce0ca,USA,2007,500000.0,734779.0
5dbc95d81649d22180112622de7231ab,2007-0662-USA,nat-met-sto-tor,3b30b784c03aec0e8887aea57022fad8,USA,2007,350000.0,514345.0
ab5e04758c920f0c5d3375d47f9787a0,2007-0663-USA,nat-met-sto-sto,36f621b889924e576b188f9444941368,USA,2007,2000000.0,2939116.0
513dc1ee3f1746d920e7d4f0fe4a1388,2007-0689-USA,nat-met-sto-sto,b8290817d27329dd8dcfed4a7cb79f9f,USA,2007,300000.0,440867.0
3a0fa6bee4872a9f25931031c77f7363,2007-0690-USA,nat-met-sto-sto,3376e558a5ee11cd520da9b6f82e2aaf,USA,2007,300000.0,440867.0
54c82978bf99035807bad015e6686afb,2008-0010-USA,nat-hyd-flo-riv,0db346881889745a86421ab417c5d3e4,USA,2008,,
5a6b032099bec89c31d33db0daa39c82,2008-0039-USA,nat-met-sto-tor,24c624409eb227701e268f551c5e43e6,USA,2008,1300000.0,1839794.0
02be3974bfd22336888c6c0523338e0e,2008-0099-USA,nat-geo-ear-gro,e436b2584da0d74882d6d2112dc071db,USA,2008,,
717b65aa303291e2e6c2389a15276114,2008-0115-USA,nat-met-sto-tor,69db845d13f31820e859d62de218c4a3,USA,2008,450000.0,636852.0
7da9b938aa0cdffb77e889404987aa6f,2008-0131-USA,nat-hyd-flo-riv,cd09ad30433c4e0231deeeb467a09e97,USA,2008,2000.0,2830.0
9aae745829c148025fd5726a212c120e,2008-0170-CAN,nat-hyd-flo-riv,7fde4ecb8321360e5362a7d1228e0779,CAN,2008,,
c78cfa8db331d1b63a89a61cfd9090d0,2008-0194-USA,nat-met-sto-tor,ccfba0890a0c24b9ada73b8892c8b634,USA,2008,700000.0,990658.0
c234e4082fcc2c7f07d8a8692d123520,2008-0210-USA,nat-met-sto-tor,97a3124c09661d547cf5610d837d15de,USA,2008,1600000.0,2264362.0
96b130cfff5bb3b68befd255a99240d4,2008-0253-USA,nat-cli-wil-for,083f22be571aaad4489547fc6a01cb9d,USA,2008,102000.0,144353.0
1958f16b862391ef4685244d77aca7f9,2008-0264-CAN,nat-hyd-flo-riv,29902366769061e78fb607d0440ade36,CAN,2008,,
de098fa2fc158fc21bbe61cc1ffcd1ce,2008-0304-USA,nat-met-sto-tro,a59e2dfcba82046c7f65983b6074e43f,USA,2008,1200000.0,1698271.0
5338a235135878436375a757caec7cef,2008-0338-USA,nat-met-sto-tro,8527402ca9a4d1f83181d71f0dce3f53,USA,2008,180000.0,254741.0
1cd57e48149b40940dadc2f1009c9e07,2008-0352-USA,nat-met-sto-tro,d6853d3d1ae2bd8f0547be6f2356eee7,USA,2008,7000000.0,9906582.0
de376fdcd4a2ec4c1eced63fb3307264,2008-0378-USA,nat-met-sto-tro,03c504ea890fb81329ff8b161d76ec11,USA,2008,160000.0,226436.0
9b79637463663f5136488f42d60b429d,2008-0384-USA,nat-met-sto-tro,9f606dd41fcca8e5bc75dace5369fb32,USA,2008,30000000.0,42456782.0
962410770d00a1eacaecdf1a7fdc4075,2008-0524-USA,nat-cli-wil-wil,b876087a5d892dfe47e20129da5d31c9,USA,2008,2000000.0,2830452.0
149e617fa030e127144ce40f4c2493a5,2008-0563-USA,nat-met-ext-sev,857b3fd7a7b2e3eeb0d85756514c18c8,USA,2008,,
9f104e2e852cfbc4e887402ca3951ec5,2008-0599-USA,nat-met-sto-tor,aa820ab04dc87526ab6a546350055440,USA,2008,600000.0,849136.0
0f8bba7ba05915c3416a2145c3d633fd,2008-0600-USA,nat-met-sto-ext,4868f3fe66c9c5aa550f2ff72fbcc464,USA,2008,1000000.0,1415226.0
a841b8432160d3c6d7c12a3a43a4acb0,2008-0601-USA,nat-met-sto-tor,8f628f5958f0c921c74b38a07b448b72,USA,2008,1100000.0,1556749.0
a5c3f0f6abf63b502e2618b0a12a37dd,2008-0627-USA,nat-hyd-flo-riv,dace50cf686e65ac2ee1ce7519f1bc35,USA,2008,10000000.0,14152261.0
d48d4a931d202b5677b2d5d23c870961,2008-0638-USA,nat-hyd-flo-riv,5893f2ebc2ba5f5fa3051fcc0ac27fe7,USA,2008,,
8da7932d6cdb5b4000718db607bad3a6,2008-0645-USA,nat-met-sto-tor,452b2240445f7d869e9ed099a73b3eae,USA,2008,110000.0,155675.0
7f8ef90a7222563fa08e6bdbeb2cfd52,2008-0654-USA,nat-met-sto-bli,e4d409f73c6117395372fba87c199874,USA,2008,360000.0,509481.0
fe8abc41cfe9cb4ada94f6b62c3e422b,2009-0056-USA,nat-met-ext-col,1c9f3c5c2c9061e71a4ff03256e448b3,USA,2009,1100000.0,1562303.0
c5a4bca02c92592fc0c02d074c937d17,2009-0106-USA,nat-hyd-flo-riv,9ed423ca9540029ff4578cac6e9b6d4d,USA,2009,166000.0,235766.0
0762f4addf3b5b4627d4f1c1426d48db,2009-0140-USA,nat-met-sto-tor,6dd8cd40b7f5a1cff89901e6e2f3da7c,USA,2009,1700000.0,2414469.0
7e6d54461d7fd7cd60f5a4386c30eeed,2009-0178-USA,nat-cli-wil-lan,37c36f5174b8a2ff8ebba7038c05da5c,USA,2009,100000.0,142028.0
785d26663e6f3677905be252c4dc5390,2009-0184-USA,nat-hyd-flo-riv,d84637acf78d95bda1810eb134a0fe32,USA,2009,,
98a0b595f87835e888a214c98e841091,2009-0189-CAN,nat-hyd-flo-riv,9ad1888bd6e13229abe90e7af6a06ac5,CAN,2009,,
5e763eacd92e29effdc51d2a2ea03d53,2009-0190-USA,nat-hyd-flo-riv,6dab3f46a54553c8c1ba065f296ca031,USA,2009,,
735f71b8f457fe01ad1bb62a3f09b77b,2009-0244-USA,nat-met-sto-sev,c394009d8c2434c82be6a483e21a6ea0,USA,2009,240000.0,340866.0
edf3428d95b1d90d43a3b8552ba14fae,2009-0287-USA,nat-met-sto-tor,1bb79343bb7b2f9ded18c076d0404218,USA,2009,2500000.0,3550689.0
5f680a4f6b9a795f4c810417cefbebfd,2009-0342-CAN,nat-met-sto-tro,97bbfafd264aa0103b26f41893119269,CAN,2009,,
3fcccbd417160ebb6f538e92ab1cc679,2009-0342-USA,nat-met-sto-tro,c846524cce641d3e6fc0f0d153ef6de5,USA,2009,,
caabe23780e8300c630320c28da45aab,2009-0349-USA,nat-cli-wil-lan,7a48a5ca51d39a5176b40fbb7d494bee,USA,2009,,
549c711471baf3147c39c4bff158a967,2009-0405-USA,nat-hyd-flo-riv,3b16ea6e2e28e3ce639a9515f6a71d9a,USA,2009,500000.0,710138.0
380648fd208c4a48e515ed679bac1904,2009-0477-USA,nat-met-sto-tro,3b5cfa4601a70e5e64570fca45d49fb8,USA,2009,600000.0,852165.0
d2b00f2940c8b1ac6962d06cf3d3ee80,2009-0599-USA,nat-met-sto-bli,c47f0b03e0050cadb22b707d81f7c205,USA,2009,,
a77a85725019517e71a28a14213cb4ae,2009-0601-USA,nat-met-sto-tor,d72d0c2a2cf1082b5e24ee3847073e61,USA,2009,2000000.0,2840552.0
3b5400f6e958507b83d79bc89651550e,2009-0603-USA,nat-met-sto-sev,ef6a2ca4c40c99092e2b634b0669d055,USA,2009,1000000.0,1420276.0
eaaa270e63d0e2436ad2c0c5c2660066,2009-0604-USA,nat-met-sto-tor,ea5195fe4ba3a4aa9f843ef23110d949,USA,2009,850000.0,1207234.0
39821bb2bbdc0cfb0c2ea7b323818ddc,2009-0619-CAN,nat-met-sto-sev,1f831374ca88edb3b759cf3760b14bf6,CAN,2009,500000.0,710138.0
9b1a3dab2671ee21d6dae6b2e9950072,2009-0644-USA,nat-met-sto-lig,dd081ca770d391f95f88a2859bcad86a,USA,2009,1500000.0,2130414.0
94b461b5ed53fe5587e0f72211a474b4,2010-0027-USA,nat-geo-ear-gro,9ec780ee99007812bcaa61a4e4f5aaf7,USA,2010,12500.0,17467.0
b3a03a19c862082c01cf17115e3fbe79,2010-0045-USA,nat-met-sto-bli,f2a0bf2fdab7e42c0b88cac57aaed3ee,USA,2010,2000000.0,2794717.0
30f9eb9e2c2d24dcd239b10ae907cd49,2010-0089-USA,nat-met-sto-bli,416ddf240b6ae197ba65576f715073fb,USA,2010,500000.0,698679.0
eaad3bafb2789829e27ce513a7ad929e,2010-0162-USA,nat-hyd-flo-riv,dd3ff8d2fca34012c1b1e5a051c5918e,USA,2010,,
841b84d0670be45a234c791d290e0ec1,2010-0163-USA,nat-met-sto-tor,59890c860f3b94164a97f38b168ade83,USA,2010,,
047376e7a14fcf43f630f45bf9cab986,2010-0187-USA,nat-met-sto-sev,02302835bcff622c0d5135f59f42160a,USA,2010,2350000.0,3283793.0
dbd261874f49c30c05de4480ef477436,2010-0196-USA,nat-met-sto-tor,35c1366a25368508cfee14fb2697f767,USA,2010,2700000.0,3772868.0
af75a660dd904332382f73c952cea9c6,2010-0225-USA,nat-hyd-flo-riv,5f104a87734a60cfbcbbde1305b55951,USA,2010,,
5dbcd2ccfc266616bd3661d5e3daabae,2010-0468-USA,nat-met-sto-tro,1aadcff93b7ca2aacb5fc881e77a6984,USA,2010,100000.0,139736.0
f93108e095c1b9931698ed65539c0527,2010-0522-USA,nat-met-sto-tro,d3ba5c2881c151d919de91b31db083ed,USA,2010,,
2f6bf83a1b55a5f7551e4bd0851a1055,2010-0612-USA,nat-met-sto-sto,653df0e8062b5d3ba597566e3344ad33,USA,2010,1500000.0,2096038.0
e66d2434ed3c418a2f85aeea1b6b9b37,2010-0651-USA,nat-hyd-flo-riv,2022bae6e46068a3b896018fea456123,USA,2010,,
268854540539ff92eef5fbd58d919baa,2010-0655-CAN,nat-met-sto-bli,a9ce80a026e8712c69b704b67943eece,CAN,2010,,
f33187677f4786add38d7dfe3a1be946,2010-0655-USA,nat-met-sto-bli,02169e53670050829f8d206b3b9158d5,USA,2010,,
81a3b07afd8e18f065ad7163bae18aea,2010-0663-USA,nat-met-sto-tor,cc67ef58c756336976ed79e35ec061f9,USA,2010,,
e949e89534572b4b85555cd2393d74e7,2010-0689-USA,nat-met-sto-lig,58ab4ad678770b2770cfb8b928625b86,USA,2010,,
04699ec4db7565b34fe59300cce4dc4c,2010-0690-USA,nat-met-sto-sev,2ce92507919038ee68577ca7a6a859ac,USA,2010,,
0d685e3e0037d81314e2f33ab25df01d,2011-0029-USA,nat-met-sto-bli,92566edef915db64a751fb531694b0f3,USA,2011,1900000.0,2573732.0
aea0f6042759963dbf9392eb271e98aa,2011-0131-CAN,nat-hyd-flo-riv,126e6e64dd7dae1cb15de8bbbadf5067,CAN,2011,800000.0,1083677.0
d37c20556a659c997057a38658f88e4a,2011-0134-USA,nat-met-sto-tor,6015836b0ce5ecd03a257330365edff6,USA,2011,2000000.0,2709192.0
f014aae1d42ab46c6021e25e2c7654a6,2011-0140-USA,nat-cli-wil-lan,d3ba5c2881c151d919de91b31db083ed,USA,2011,183000.0,247891.0
76a1974b95ca4a4fa10c417159f253ec,2011-0145-USA,nat-met-sto-tor,2569bbd54ef5d05f79b524ce4173be2f,USA,2011,11000000.0,14900556.0
a4da5c9663ee3cbf24af4096e523fed7,2011-0166-USA,nat-hyd-flo-riv,d5766e608fdc35ca9a965f25efa48e02,USA,2011,,
edf9aa7139b0682f793113920412d311,2011-0172-USA,nat-met-sto-tor,3defcabecbff3fb3508236a6e9654584,USA,2011,14000000.0,18964343.0
16afdac2a509f1a54c222ca8ce412f84,2011-0189-USA,nat-met-sto-tor,435c5cef079b23a0e1abc41c64c7a2a8,USA,2011,,
07174c765b7c698cde24e904b6e15103,2011-0195-USA,nat-met-sto-tor,88c15dc5ed3bb5362259e5c771a65fad,USA,2011,,
b0cd446e14c2b82a2df1d43ea4fb52d4,2011-0264-USA,nat-met-ext-hea,856c4f9d81240602184ee44cff1af24c,USA,2011,,
60dc6330b384a27a7f45fc02169a3e4b,2011-0323-CAN,nat-met-sto-tor,17d2054d5634ae3878f30a3a04a06590,CAN,2011,,
900baf3c9fd2019527153d8871a6ba9b,2011-0328-CAN,nat-met-sto-tro,5a2d0b9cd4d49e11b31e432666a35248,CAN,2011,,
b61f2a1e1bee4a92e82f151ea3528871,2011-0328-USA,nat-met-sto-tro,633ce85f183f0847276b7f454d0e47e9,USA,2011,7300000.0,9888551.0
16c0ed1545c375a9d14415a5dec168c8,2011-0349-USA,nat-cli-wil-for,7b88c05c7a88d1c8674c7c242d0f6252,USA,2011,1000000.0,1354596.0
0235c085499ec7bf8e2b625bc9ba2228,2011-0425-USA,nat-hyd-flo-riv,7ec957bd3f7dd020b86804c32174b202,USA,2011,,
f88695899d63c5d16652cadfbada127a,2011-0444-USA,nat-met-sto-bli,c37a65035cdbb9d038e0b01f36621c7f,USA,2011,3000000.0,4063788.0
d0929e43ad73a0c93bba62a45d6fce91,2011-0456-USA,nat-met-sto-tro,28ae2f7b448e7522440f32af33e2d358,USA,2011,750000.0,1015947.0
072f1b7c216f9494c1d2327c86a86471,2011-0527-USA,nat-met-sto-bli,0c8367c9a30b652929c5472540d2d6d6,USA,2011,,
74a4a56158e8d11ed06ca240e6c65300,2011-0607-USA,nat-met-sto-bli,69c0163a001c98d1fa5320527b5ae75e,USA,2011,,
18fb40946488ad6c258cf66018f3d3a8,2011-0608-USA,nat-met-sto-bli,b8e361655dea7e9201b1a46bdbb1cec1,USA,2011,,
c0a5e0906980ddf846e5c5f7588f63a1,2011-0609-USA,nat-met-sto-sto,4c12005c23cce2c1381ba742999546b5,USA,2011,3500000.0,4741086.0
2f4b0439020742cf0d867fd65f5144bd,2011-0610-USA,nat-hyd-flo-riv,e3810d4dbb52db717aa628aca9ad3503,USA,2011,4600000.0,6231141.0
67168ef6d2cb4f454a27db1f49dd164b,2011-0611-USA,nat-met-sto-sto,44387aa8b440e04d7298deaa9a06be7d,USA,2011,,
61dca09a0474c4ef2d8ce7569fd5a695,2011-0630-CAN,nat-cli-wil-for,6fed7fcf2bca71749d5477d3e5357623,CAN,2011,1500000.0,2031894.0
d90eeda261d198bda29c620ee920e411,2011-0639-USA,nat-cli-wil-for,3d0e212a8ec41e41a432b349fb8818db,USA,2011,200000.0,270919.0
f2deb6896dbd0891b50a5bdf641543e8,2011-0646-USA,nat-hyd-flo-riv,5d69e8c82934eda98294c91587aa1d2a,USA,2011,2000000.0,2709192.0
9329d05b15c8416168902d065f9459a6,2012-0010-USA,nat-met-sto-tor,c94ad82fbf5d5b0acfc818c3116a30fe,USA,2012,175000.0,232248.0
a4109711ab602392b72da56cb83a994f,2012-0055-USA,nat-met-sto-tor,1d3e197fc2bc8c16066dc3d332e19129,USA,2012,500000.0,663567.0
bb67908bc727c4cbd5e54d6aa3786160,2012-0060-USA,nat-met-sto-tor,b7d8b1cbfef2dabbcbfd800e24e901b1,USA,2012,5000000.0,6635666.0
170daca94cfbe6b110cb21c299b07c3c,2012-0068-CAN,nat-hyd-flo-riv,603173a59637b29b30688b1a625dd0d0,CAN,2012,34000.0,45123.0
270272101811d5934ffe106ed3c4da27,2012-0122-USA,nat-met-sto-tor,7a06288bf8d7cd9af0edb6d5a6f57acf,USA,2012,1550000.0,2057056.0
511887b00ab316512bd49ca15cea22d9,2012-0156-USA,nat-met-sto-tor,0a98049ca1edfced7d41c34703921c5a,USA,2012,1800000.0,2388840.0
d9e7757af50f212e9df58cd7025505a3,2012-0176-USA,nat-met-sto-tro,a1f426d74be3849a0eb68969859da7b7,USA,2012,210000.0,278698.0
8327ddf02080975f2b9d482404aebfdb,2012-0177-USA,nat-hyd-flo-riv,79b05591f1374f5937aa60c50e7e712e,USA,2012,174000.0,230921.0
6c3f739c572a25bdbf2069f250c1f74b,2012-0214-USA,nat-met-ext-hea,79882369e57a013bf3664c95ba1211bc,USA,2012,,
2124ab8281a730644f634b2b53665d53,2012-0232-USA,nat-cli-wil-wil,9b083e26715b1a24921ed7dc4236545d,USA,2012,600000.0,796280.0
8f7557d27c911610130d35dd44ddba6c,2012-0234-USA,nat-met-sto-lig,7ec5b288d6a7308ec60f8bd42784ab16,USA,2012,,
4207a95d359d253152bda12de71b29cf,2012-0313-USA,nat-met-sto-tro,a34b7f21a30320adfc5a77392014f568,USA,2012,2000000.0,2654266.0
893f5687e035e17749f8924d884d51fe,2012-0410-USA,nat-met-sto-tro,c06b585367889330c2619f5336768e33,USA,2012,50000000.0,66356661.0
c0a97b8837a6f2d8dffa1792af44731a,2012-0486-USA,nat-met-sto-bli,2cedd53b5dd6f0b2419c30d7a12b2050,USA,2012,2000.0,2654.0
e947d02bb689a289228a0c7cb752cccd,2012-0493-CAN,nat-met-sto-bli,73ab89cb286f2feb6bf944f9dd1f470c,CAN,2012,,
d2bfdf79df1907c2662f1d7e9c193809,2012-0493-USA,nat-met-sto-bli,40e5cecd56f0e0db5754fea6ed70eb78,USA,2012,100000.0,132713.0
0e19bcd448397a58fb3e9b5f052c138d,2012-0503-USA,nat-met-sto-sev,74559b3c58397b13e044082d0ef25e40,USA,2012,4000000.0,5308533.0
50061edefafa01c43e9cc984fa88c632,2012-0542-USA,nat-cli-wil-wil,0cc5bca5141531e6980a493082b16a12,USA,2012,200000.0,265427.0
778231b184dbf375d29c35b7077bf240,2012-0601-USA,nat-met-sto-sev,0415ef5acdd6d6e0764e809f95d13f7b,USA,2012,4500000.0,5972099.0
7d76c2f3069c5d19998a80e3b8eb1349,2012-0611-USA,nat-met-sto-bli,ecb0a4ef2b51ae8aa77c9004741cd4f3,USA,2012,100000.0,132713.0
fb5058ba5ad5ae9daeb46bec299da1ca,2012-0612-USA,nat-met-sto-lig,be879204fa2523a48d87f067346b8948,USA,2012,3400000.0,4512253.0
ac3e5420ae2a49048cdcb0ac958ba094,2012-0613-USA,nat-met-sto-lig,9eea3a9cfb5ab432e1f917298208d190,USA,2012,1400000.0,1857987.0
517f909af4ac3ed4ddb3c269fb0da3e5,2012-0614-USA,nat-met-sto-lig,911c9659f15d26ab7ab003546e231583,USA,2012,1900000.0,2521553.0
5fc9bf275de795492a33544dc7e37a4f,2012-0615-USA,nat-met-sto-lig,4108c4a841b13f7e9b7bd5cc371ef19d,USA,2012,700000.0,928993.0
88f7a0c9393d5c7ac962ceab3d7fbedc,2012-0616-USA,nat-met-sto-lig,d53ecb9e797fdf32dacbdab3ad97ce52,USA,2012,210000.0,278698.0
bc9d44d667275a5db13888a3cd195d4f,2012-0626-CAN,nat-met-sto-sev,d256cd049bfdc1465371bf49ea28a179,CAN,2012,1050000.0,1393490.0
b3b90f12f647ce60bd3f896f31115244,2013-0013-USA,nat-met-sto-tor,bb3039172f78fddfcb3b3f055115938d,USA,2013,300000.0,392392.0
3cb21d8740f743b11f5c75ea268703ac,2013-0054-USA,nat-met-sto-bli,16caa54602f3d5df211400142cb9202b,USA,2013,100000.0,130797.0
6fb5b0320b2429dfe75611f3046ef031,2013-0055-USA,nat-met-sto-bli,0dccdc8a76ca6d924fd893345f9c5d89,USA,2013,100000.0,130797.0
efc51e7badfe2eb492e6d1d6fb23b861,2013-0117-USA,nat-met-sto-sev,1b45214e4274fab600283ece0e161f11,USA,2013,1600000.0,2092758.0
e77b7f0d08ad0e3c0abbda9bbe50a4ee,2013-0118-USA,nat-met-sto-sev,6c48a9ab98a26e858a4bfae87b48f29d,USA,2013,1100000.0,1438771.0
b79442bdfe58a2bc87fe867eddac49a5,2013-0142-USA,nat-met-sto-tor,52eebe7bfeee231c8f92bd50652e6635,USA,2013,3100000.0,4054718.0
684be4d285eef07011fdfc13df9ba3f7,2013-0183-USA,nat-met-sto-tor,08b907d2d09ef8afc1b39e4f6c722e70,USA,2013,300000.0,392392.0
2ecf55a80bc5339b3a4eb66ac74edd6f,2013-0184-USA,nat-met-sto-tor,fad7edc37a59ac79559257e17ca83735,USA,2013,2100000.0,2746744.0
90007a2888e7407aa88e4aac1721ca17,2013-0190-CAN,nat-hyd-flo-riv,79e8cc438b7141b928fbad4f7f9177df,CAN,2013,5700000.0,7455449.0
a6f05d834baff195028fadcc53bfd333,2013-0209-USA,nat-cli-wil-for,6e2f022a3648c38d6702f718d57e481d,USA,2013,21400.0,27991.0
17c2bdfa74dae559507802997fe3a8e7,2013-0210-USA,nat-cli-wil-for,e236795e6f7b82f36cd748c39d01df36,USA,2013,500000.0,653987.0
44a018c2bfd8f6fbbed29cc8ab13ae39,2013-0211-USA,nat-met-sto-lig,c8212c1a61cae1a931a317f984080fe9,USA,2013,900000.0,1177176.0
36d234c5ae2f5e04e86cba7bbd50fc19,2013-0212-USA,nat-cli-wil-for,e0b72fa2adfcd193db3f444f5d975ee2,USA,2013,2000.0,2616.0
97100c88389ab47537d30284df028994,2013-0254-USA,nat-hyd-flo-riv,bcd0a4debebcd5b6c52dfc2495b0b1dc,USA,2013,25000.0,32699.0
f68b8795e4e5ea23cbfecad3d28132a4,2013-0277-USA,nat-hyd-flo-riv,2c303e56c16bdc343ecab075aef36b20,USA,2013,25000.0,32699.0
c7fcf25f333eaba05ee99d602fd69402,2013-0286-USA,nat-hyd-flo-riv,ba1e2353360cba1e942ffb8e2d295d10,USA,2013,2000.0,2616.0
cb1a7c73e398471b6f8820f14e183fc6,2013-0291-USA,nat-hyd-flo-riv,ad607f03ad30e283c7bb5d2e0dc1846e,USA,2013,325000.0,425091.0
4c8b2190973931fb2c34c3ee531e75b5,2013-0315-USA,nat-cli-wil-wil,9a02336fec96340dd3fba5cd786bf1cb,USA,2013,175000.0,228895.0
0bbb50b1a2179aa5edb1178dd6f05074,2013-0334-USA,nat-met-sto-lig,ec0739c1aebeb9833fd1005713dc9e05,USA,2013,300000.0,392392.0
ce1d217199cd5ae515758a9e4c07e581,2013-0354-USA,nat-hyd-flo-riv,f37be256cf8ac7f527976e5985394253,USA,2013,1900000.0,2485150.0
54a7bda90766f22f96e597190a53b2e1,2013-0404-USA,nat-cli-wil-wil,1eea0a55777838ecc21330c4ef6956fd,USA,2013,10000.0,13080.0
9f63a7525fd8d2fdc7cb9aef54feafa2,2013-0439-USA,nat-met-sto-tor,406b3b911c46e9363611f6582ebd9534,USA,2013,1300000.0,1700366.0
5c90eec60636ed5f497bf0e02f84c766,2013-0472-USA,nat-met-sto-bli,6a647f21abf73b8dc2d71c4472993751,USA,2013,2000.0,2616.0
0edf28661736743c8a1e8a58c8afb520,2013-0510-USA,nat-hyd-flo-riv,a23efb859c773d482d6a0e831fa17b8f,USA,2013,,
2cba8d11f304faa322101b11c25afe60,2013-0528-CAN,nat-met-ext-sev,f94f3b52cbd5af2fde490f86e6993a51,CAN,2013,200000.0,261595.0
a3af53993a750938a47be7c6775efc51,2013-0528-USA,nat-met-ext-sev,0ed2bbcd33e3eb8cfa57c325fa65436b,USA,2013,200000.0,261595.0
ece905efa688f41a260399863732aefd,2013-0548-USA,nat-met-sto-sev,f5455e2e473f667a76237cf3afb70982,USA,2013,2200000.0,2877542.0
418834fbf4a5b767a9fab4b81927ef71,2013-0550-USA,nat-met-sto-bli,995dbf2c4e8d676be54c3c4787aab3df,USA,2013,100000.0,130797.0
c35ced69ed8595b12ff407796db43e09,2013-0558-USA,nat-hyd-flo-riv,50ef937ccec74be88db668a8422b29fc,USA,2013,,
0486319196180b1adeb39d6898554251,2013-0579-USA,nat-met-sto-bli,32dfde1092e47daafcc1e2deb2626781,USA,2013,1100000.0,1438771.0
fd8c0b4a3e92c59303547ebccc594af3,2013-0580-CAN,nat-met-sto-lig,e434a3f497b0a5aa2ec2d5cc55a8e5c4,CAN,2013,1410000.0,1844243.0
6ac46e5ebdbabfcdb9e116c7e790b70c,2014-0009-CAN,nat-met-ext-col,b7ff1faea3053df09b0f3bc5411daf81,CAN,2014,,
1ff4bec4d8e662b52b6336a4dd892c9e,2014-0009-USA,nat-met-ext-col,39b404b368b83ae7da6b19d699aef6d9,USA,2014,2500000.0,3217735.0
b49bea4d135475df6270ebeb37455580,2014-0048-USA,nat-met-sto-bli,444b27bcb3f799d6d1a77534e483bd0d,USA,2014,250000.0,321773.0
dc45cd128b2a16f576286ffe7c92c9bb,2014-0052-USA,nat-met-sto-bli,4d183119748a138481084ac44f79ed27,USA,2014,210000.0,270290.0
4f14cdfbe90b8f1c37e6086bd1e6dc9f,2014-0053-USA,nat-met-sto-bli,4d297567b35c20267c680b7d7d5f621b,USA,2014,250000.0,321773.0
c21540149c8de93a02a26fe19588b313,2014-0072-USA,nat-met-sto-bli,ac73557b648c39a34b43b0878434c1fb,USA,2014,750000.0,965320.0
27bf83a32478721a94b1c300b077183e,2014-0095-USA,nat-hyd-mmw-lan,3d856baead846b91b47db3cdf2970f3c,USA,2014,20000.0,25742.0
6f33fba30cc0fb5afdc5cc8af8ef4a69,2014-0100-USA,nat-met-sto-bli,7a23e9c69de0a378e6887baa0651a93d,USA,2014,2000.0,2574.0
1924274af92777d57ec71f19cb83a551,2014-0126-USA,nat-met-sto-sev,ff582a4f44ef948adb8efe96a2780000,USA,2014,2000000.0,2574188.0
433d35dbd6f7401e04280d5ceed1b640,2014-0165-USA,nat-cli-wil-for,9770f2afdc9bf1dd105e1a313e29b427,USA,2014,100000.0,128709.0
60a033e91b34ab6387ccc57748b99537,2014-0192-USA,nat-met-sto-lig,79cd13ad2dd776ce219e091a0d4f480a,USA,2014,3900000.0,5019666.0
f8b81c4a26389c29518deecc316a69f9,2014-0263-USA,nat-met-sto-lig,ae7d20824f9c57018a601a40fb231b4d,USA,2014,270000.0,347515.0
b2ce4840f065088992f1db623e92aed0,2014-0310-USA,nat-met-sto-tro,eba47eed2e9763a992de04d75290786e,USA,2014,66000.0,84948.0
4c76000edf627d0561b10f93dc539662,2014-0317-USA,nat-hyd-flo-riv,a912f579ef6c3e446fb821ad3f3aa267,USA,2014,1600000.0,2059350.0
4138b201f852c97feaa20ebc35074e8e,2014-0318-USA,nat-geo-ear-gro,badd65e39e510428d102ab1520f8f8e6,USA,2014,700000.0,900966.0
0216e613baaee59db391273a4fff4a2c,2014-0319-CAN,nat-hyd-flo-fla,8145bdae6e35276ddd06acdf2c87af58,CAN,2014,129000.0,166035.0
f9e89f76d74b67eefbdba5771e08d77e,2014-0444-USA,nat-met-sto-lig,80bc7fdbc3c1bd14f8a41a2af201024f,USA,2014,170000.0,218806.0
c94c8f3b622748555653e5b38660286b,2014-0459-USA,nat-met-sto-bli,dac9b62ab794fdce0d6efb5dfee2901c,USA,2014,100000.0,128709.0
af2ffc432c6ccc2e37e6646a6a8ba31a,2014-0482-USA,nat-met-sto-bli,649a13a6adf884bf50c2a10ce05ef2c4,USA,2014,,
74c41534b171fb1d7ff2f636fafaa25a,2014-0491-USA,nat-hyd-flo-fla,1a76fcbde3f07fa1adac665624b48744,USA,2014,90000.0,115838.0
f8fc3d57f44f5f21688f27e60a91ff2e,2014-0540-USA,nat-met-sto-lig,c68ff66ff3f864f7367830f8c229394e,USA,2014,1600000.0,2059350.0
e1dc7bb757936d86470b2c86405224a4,2015-0025-USA,nat-met-sto-bli,9fd974b2bc32d7d64991e8d33f264cde,USA,2015,100000.0,128557.0
14b6fe550d378d81746ce1a26fa8f061,2015-0026-USA,nat-met-sto-bli,e38a255b5f1dde78ae02d1278f58c2fe,USA,2015,80000.0,102846.0
98a2413628738f1aaa1359539a568b9a,2015-0046-USA,nat-met-sto-bli,b4ad874db8506018ed7b70dded12463c,USA,2015,100000.0,128557.0
83ecc35e8b392c5ec4b0b38d832ff7a1,2015-0072-USA,nat-met-sto-bli,e738095b40f2a453f2479293f2180c8c,USA,2015,150000.0,192835.0
42ee844e55520cd7a69fa4cbe73f8546,2015-0073-USA,nat-met-sto-bli,8f0875291979c46ded28f7039fd718c9,USA,2015,3000000.0,3856707.0
82fb25127b0cc69b0c943597ac190596,2015-0122-USA,nat-met-sto-bli,972576554caa1acc81a7548a7c2deab6,USA,2015,170000.0,218547.0
d8465188b55bd580d537ba772fd3ef82,2015-0123-USA,nat-met-sto-tor,6b7d4b523ee7d800d6717eb13320dd10,USA,2015,500000.0,642784.0
c1cdc7cdac590cdc7b65629b79a7b04d,2015-0138-USA,nat-met-sto-tor,6d03a2496072267f9e19c9edc77ad703,USA,2015,1400000.0,1799797.0
475a11bd3d3a0d2992559fbb37083de9,2015-0155-USA,nat-met-sto-tor,4a83b86ab62a48fc6b8ac0e3dfa18d53,USA,2015,950000.0,1221291.0
6e545f75199ed7f3e1b77fcd5d9c248d,2015-0177-USA,nat-met-sto-tor,b1e07ae0df13a3d4574e6c433758c2a0,USA,2015,1000000.0,1285569.0
9f11493b179ca834736b913e1eb94363,2015-0180-USA,nat-met-sto-tor,e5c7e4562a4573e3870bd31207949c23,USA,2015,160000.0,205691.0
4efc61fbca5179613750fa8caf57994d,2015-0186-USA,nat-hyd-flo-fla,f165b11573b4df79deface7c195a87e8,USA,2015,,
57b620e28553772285cdc485504288cf,2015-0211-USA,nat-met-sto-lig,e0913d37746fe7056cf781a08fa189fb,USA,2015,1400000.0,1799797.0
2fffe87a4260ee3c850942e107dae5bf,2015-0212-USA,nat-hyd-flo-fla,7d0bfb9df892c15691e4b67d0a03e3a2,USA,2015,2700000.0,3471036.0
b28b5316ece25d11a6ad0c1ff5f4b23b,2015-0245-USA,nat-met-sto-lig,c92ca2a281efb7be6295e5f1fe70597a,USA,2015,650000.0,835620.0
0b6d47a84baddb61dc32dc9525d8029f,2015-0275-CAN,nat-cli-wil-for,c877ec79a4730d1ef37bec0b0177150d,CAN,2015,,
8dda9a46d2d17e271ae9c9388f088c78,2015-0312-USA,nat-cli-wil-wil,39d7b063551020062da710a9b4ff8a7e,USA,2015,2000.0,2571.0
61e06c34f55aae4d3475f5c5f2985e21,2015-0326-USA,nat-met-sto-sev,a4063bf5a41747947dae059e349a05a0,USA,2015,700000.0,899898.0
d8de001bcaade4e0cbf51401db0c2812,2015-0399-USA,nat-hyd-flo-flo,9d7cfe873da5ba4e1526ab4258009dcb,USA,2015,100000.0,128557.0
e740ae8ab0030e865a2ce76ce71b894b,2015-0400-USA,nat-met-sto-sev,f602d13bc0ce3f4f8bdca89bf1ff03a8,USA,2015,950000.0,1221291.0
c592e3669c174e02ffb7e5daa510233b,2015-0401-USA,nat-cli-wil-wil,279ebf1016b1121943a14968b4ae873b,USA,2015,150000.0,192835.0
291538bc335d2f522603e8a6d9c2a056,2015-0421-USA,nat-cli-wil-lan,9fbef80394045db860e69385ece6c50e,USA,2015,1400000.0,1799797.0
2e9de337d05556b13e2f76eddd5f3228,2015-0431-USA,nat-hyd-flo-fla,2071a4b6df7ed09eab6ca4bb088aab64,USA,2015,2000.0,2571.0
4d2b5da126a94a0e640736e65c2e2423,2015-0459-USA,nat-met-sto-tro,789ba7b935adbaa52523fa3ca4b6a559,USA,2015,2000000.0,2571138.0
9ba25b07fef19c89333d0a6617342d20,2015-0488-USA,nat-met-sto-lig,0d338ba1785175f76441d1b429d0efd5,USA,2015,270000.0,347104.0
df3630cb5ab8488bce13bce2ecb439b4,2015-0531-USA,nat-met-sto-bli,68b5f8aee1b929a1c215afdbddf14fe9,USA,2015,140000.0,179980.0
0230c7c34fff82f6bddeeacc0f229f89,2015-0558-USA,nat-met-sto-tor,db7e2b885dcafd5f05778c888a86a399,USA,2015,2000000.0,2571138.0
b144a0dabd0a26e65509a0c992552b3e,2015-0565-USA,nat-hyd-flo-flo,e96371518e7a5dd7288f9e2ba1f81b3d,USA,2015,600000.0,771341.0
356ae48cdc6033c05b85ac981ae46611,2015-0613-USA,nat-cli-wil-lan,fe1433cf41dfbd65097df1c7f2a699c1,USA,2015,400000.0,514228.0
25fd72534368b3ba7457f54364ed5908,2016-0010-USA,nat-met-sto-bli,bf7f271018780d8d16a8bcb8ae173591,USA,2016,550000.0,698254.0
b808220f16a0a699c35e6b7a775f6e58,2016-0012-USA,nat-met-sto-sev,99b7ecb7141a2b9f3f5e07d2c3f19339,USA,2016,125000.0,158694.0
19a726817dc1e6d583ad8453d61bcc2f,2016-0051-USA,nat-met-sto-bli,cb38e41d2da64f50a973a0b3c92622bf,USA,2016,1200000.0,1523463.0
aae82698ac2cbb2f3901417ac3f6d921,2016-0085-USA,nat-met-sto-sev,b56c8d984552078fb02f5b544e9636ce,USA,2016,1600000.0,2031284.0
2fc71fc5f6e7c98f58de9593a31ae76b,2016-0086-USA,nat-met-sto-sev,d9a7549695d719d3a4abeedb920bee2e,USA,2016,1200000.0,1523463.0
29b530350dd38c589d966858eb85202f,2016-0087-USA,nat-met-sto-sev,5358e3d0a58f95e1d8e67084d0503ac7,USA,2016,2300000.0,2919970.0
0e85852e4d3ed9b5ebb89124eb682bc2,2016-0123-USA,nat-met-sto-lig,ac1fef0f95fb167703c1a196d26f20a9,USA,2016,3900000.0,4951254.0
6fd952fdfaaa50035a79fdaad116bc18,2016-0124-USA,nat-hyd-flo-fla,a5645cc54dbd850f6af4521f915bab9c,USA,2016,2000000.0,2539105.0
b55a7505cdc9afb5bcf09bdddc340590,2016-0125-USA,nat-met-sto-lig,407f9ee3e3aba3338f97cb4a9dff7099,USA,2016,2400000.0,3046926.0
13eb40861d1eca800b09f79864ac84ea,2016-0150-USA,nat-met-sto-tor,021e2075922b7a6836b8e81bcfa6b337,USA,2016,1700000.0,2158239.0
a12946d410a223f4941b7107b3107604,2016-0170-USA,nat-hyd-flo-flo,62723b30769a2de5af24d6046bf765f6,USA,2016,,
42c8ab3598e96674da52b38b5e5a7f16,2016-0172-CAN,nat-cli-wil-for,f25b7c337b5bcfa482b17f8178bb7690,CAN,2016,4000000.0,5078209.0
540fd5061d78444eb905a0e47e322fd4,2016-0181-USA,nat-met-sto-hai,755447fb928930419dca6cc2c56c9baa,USA,2016,1100000.0,1396508.0
5dcab1e11887b961437c84133ef1d0e8,2016-0183-USA,nat-hyd-flo-flo,a7a8afd627366a25ea53f7f998d209bd,USA,2016,300000.0,380866.0
d2a65d3e22caebb3b41ffb97ba58dc09,2016-0203-USA,nat-met-sto-sto,7890144c72955f1f4dbaa28700b64267,USA,2016,1000000.0,1269552.0
742c7e791b25790c5ea8845a72d38739,2016-0206-USA,nat-cli-wil-for,083f22be571aaad4489547fc6a01cb9d,USA,2016,150000.0,190433.0
79ce18ed318c2537eea43f53bb76ae4c,2016-0243-CAN,nat-hyd-flo-flo,94ba353b8b5b2eb4860e766f3a64ba11,CAN,2016,,
925c16a7fbc32c5f445e7332643a9581,2016-0264-USA,nat-cli-wil-for,6f36ff5d4eb4fcec93f77eef3170e3b6,USA,2016,50000.0,63478.0
a644825b478d1989e5c80a1c3e3fc40e,2016-0292-USA,nat-hyd-flo-flo,ae65e6adfedccf3175d4d432a37c111d,USA,2016,10000000.0,12695523.0
57f9b6a5d04ea523672781f47077051f,2016-0297-USA,nat-cli-wil-for,15db24007098de9cd10be427356c55f6,USA,2016,100000.0,126955.0
f983c08a6a3be1caadca3477b4e8baeb,2016-0322-USA,nat-met-sto-tro,f5d72ee0d8fd7054b1461059e2059955,USA,2016,600000.0,761731.0
7f57728f91da259792880e6549b96c8a,2016-0331-USA,nat-hyd-flo-riv,5660650d579b5f8ab6daa3a8284c6627,USA,2016,550000.0,698254.0
13873dc5df87944447473d6372baf43d,2016-0355-USA,nat-met-sto-tro,8120a4a4b8de73bfc6235771acf61adf,USA,2016,10000000.0,12695523.0
a2229c963c674d7f5ec97384fd951f14,2016-0477-USA,nat-met-sto-bli,a44eb19a8522a841784db4ef2d857152,USA,2016,275000.0,349127.0
672d9207926ad3ce52a32f4d5fe573b9,2016-0493-USA,nat-geo-ear-gro,990c92deef76548cc2bf02eab841e1d2,USA,2016,20000.0,25391.0
2e74f5d583efcd93e4f7f2a7643c3be2,2016-0521-USA,nat-met-sto-bli,f8f892029cc2db808f13671a048e3fbe,USA,2016,100000.0,126955.0
7085dfd45915391ccf86586862f8a69a,2016-0550-USA,nat-met-sto-lig,9a536fb89d357a5f20d7e9e9ff3cd3f2,USA,2016,,
e06e04bb222ccdc55aca860689a2e860,2016-0552-USA,nat-hyd-flo-flo,aee8506f7f4d9a264298faca90ba732f,USA,2016,2300000.0,2919970.0
ef7d90d8e476c3dcb7e82823c0fa4f0d,2017-0022-USA,nat-met-sto-sev,9bc983c54918125abc10e9ac3e17e2d3,USA,2017,1100000.0,1367381.0
dc2674fc8a73882a8f3bb2d4c1a27d6e,2017-0039-USA,nat-met-sto-bli,fed6a034f3e7076849527e3998b70ac2,USA,2017,400000.0,497229.0
be163e749744e3d857c18c33071e29d0,2017-0058-USA,nat-hyd-flo-riv,fa3ce348c8379302bdc21a74d96b0922,USA,2017,,
bd614c758a99485511c162f2395c920a,2017-0062-USA,nat-met-sto-sto,cbd459c88b7a5ea6589db1d3f9622ca4,USA,2017,1500000.0,1864610.0
b311bbef7bd6e4d1e9135b5d0cbd8f23,2017-0070-USA,nat-met-sto-tor,f443ad9d1f75e8f9d03c6df048c376a2,USA,2017,1900000.0,2361839.0
6e21ac2d03806ef42e57ba151076b423,2017-0108-USA,nat-met-sto-bli,420dcc974301bdd469c030228afe9bc1,USA,2017,1000000.0,1243073.0
027d94c81aef10eba7cb57e9e94ba8ba,2017-0126-CAN,nat-hyd-flo-flo,38527b39d679dbf0fd891cfd030f9b54,CAN,2017,200000.0,248615.0
780221095d38683df151ddb5bdb452c2,2017-0136-USA,nat-hyd-flo-flo,9f1b01b040bb6759d5de93b472899c4b,USA,2017,1700000.0,2113225.0
5ce16fc5b6a70dbb7bf3e0479173acb7,2017-0203-USA,nat-met-sto-hai,6112197c709ce0b9e1b9a4394a72226b,USA,2017,3100000.0,3853527.0
cac713df7984523d4e74ce684c48c5e2,2017-0234-USA,nat-met-sto-lig,11ae2c65d4abf8d150119875615b9244,USA,2017,1400000.0,1740303.0
cb9c6f09289246fcf519055a0d93d0bf,2017-0252-USA,nat-cli-wil-for,f6e84511534d8c72e0340ed5c4000195,USA,2017,,
6f3d225e0767cf89a21586736d0763ee,2017-0253-USA,nat-met-sto-lig,810396ad870b54f0cef9bcaf04128d31,USA,2017,2000000.0,2486147.0
438bf8d9bbd1e703b7aeb632a9c8c9ff,2017-0271-CAN,nat-cli-wil-wil,3830a757a5b2b18273436cfbc57d8c04,CAN,2017,,
eb0d5daef0a22fa81aa4b0ba020b4119,2017-0282-USA,nat-hyd-flo-fla,5a5f954b0ec7c32d8127bca5c4c9d81d,USA,2017,,
7bfe484eebaa682c1bde9e2a2b6cd869,2017-0336-USA,nat-met-sto-tor,44c4917ebf7521f625cb81cafabf6438,USA,2017,200000.0,248615.0
5caa65f0254ebb50989cbce2b5e31026,2017-0362-USA,nat-met-sto-tro,e0c50427373557f2befefb262cb1fc85,USA,2017,95000000.0,118091963.0
2b100119214110fc01d511ab2e741315,2017-0381-USA,nat-met-sto-tro,f846e50e91f46ede86eabca78acc3fcf,USA,2017,57000000.0,70855178.0
6ce1e2a38bb8c4dfe24fd685bf3d053d,2017-0383-USA,nat-met-sto-tro,c2dd5a67493d2dc9d9458aac1d3b0e49,USA,2017,,
f73e84c33b301a291251a22e0056bcd8,2017-0410-USA,nat-met-sto-tro,3cba667744c3d75d63173c9ed327d789,USA,2017,250000.0,310768.0
28c91048ff0d96cf179c58f87af414ef,2017-0434-USA,nat-cli-wil-lan,46a8a2febf5840d7e1eb27a752047d55,USA,2017,13000000.0,16159953.0
051f0c3b71a40da2c2212ec06f1a194d,2017-0471-CAN,nat-hyd-flo-flo,f992f80b7ecafed12ba7f65e3c059280,CAN,2017,,
183ccd4ef4927dbb03d21a3195e44001,2017-0511-USA,nat-cli-wil-wil,69f07330a00ec19adf8d87fe90b512df,USA,2017,2200000.0,2734761.0
0dc50107edeb39853e5cb93bd108fd0f,2017-0512-USA,nat-met-sto-lig,a743f8b9f5165709691bda3b3498d30d,USA,2017,260000.0,323199.0
ac9f2ca42dbb00c63062c2b843ed94ca,2017-0542-USA,nat-met-sto-bli,cd8f5a4b57b8edb3287be28a1e9bc74f,USA,2017,1100000.0,1367381.0
de9a9f930b7b2e1d82b8e10ea9635dbc,2017-0563-USA,nat-met-sto-hai,94ac1731e9740fd5f79a76b8e6f887d0,USA,2017,2200000.0,2734761.0
43ade195e407a0f5d4b4f612f5ed9d53,2017-0564-USA,nat-met-sto-tor,4c98dd812706ab347440ba64f82dc94a,USA,2017,2700000.0,3356298.0
1196bbeedff6d48402a209b33e38b806,2017-9550-USA,nat-cli-dro-dro,415c11269aa5da02d39bdf199743067b,USA,2017,2500000.0,3107683.0
bff9ba5090604c29149a05983c1ea4cb,2018-0010-USA,nat-hyd-mmw-mud,c26475f16a6c662891845afaa94eca03,USA,2018,900000.0,1092092.0
10ecffa04ec939559b3a81931f554f9d,2018-0045-USA,nat-met-sto-bli,1d00945cd752994b7e6be403c730e670,USA,2018,1000000.0,1213435.0
9944487494f2a8e797a5e804118ef286,2018-0046-USA,nat-met-sto-bli,9f09c098e4d46e6282fde9d7e064dfa5,USA,2018,50000.0,60672.0
2d3de2de8e78f603c5815b8c61fc8152,2018-0111-USA,nat-met-sto-bli,2bfceb4c8c5870c9e793094b667b2102,USA,2018,2300000.0,2790901.0
6ef3ed89b6bb50214118543e7651b74f,2018-0129-USA,nat-met-sto-sto,864c74486fcfcb2612a69f254da012dc,USA,2018,1300000.0,1577466.0
38c34d088f3dc140bc5e92d67310bbcf,2018-0130-USA,nat-hyd-flo-flo,2b85d4eb2edf36694eddb45d2fe5b7bf,USA,2018,125000.0,151679.0
bac1e7da3aa5462d775a96f640e680b3,2018-0146-USA,nat-geo-vol-lav,faadd85d7ff8ec768decab77b5c462cc,USA,2018,500000.0,606718.0
87c6a2714c70474dfc18dfea088ac6be,2018-0160-CAN,nat-hyd-flo-flo,215865017be9ede4319880bea849bcba,CAN,2018,,
a0a80ecb5a98596b61feb06cca6cf98a,2018-0170-USA,nat-met-sto-tro,00704c1405bf5862b13adb51e97b10d0,USA,2018,125000.0,151679.0
77b74f825cb8b180b01880e037ccfefd,2018-0195-CAN,nat-met-ext-hea,cc40119827b12aa542562cb688074e1b,CAN,2018,,
d27ab4ca32a287b3807306a4cf02d4e5,2018-0206-USA,nat-met-sto-sto,323f82f84bb3dfef3d9c4c88568b15a2,USA,2018,1450000.0,1759481.0
731ac94bb447b59fbda419e808f8c384,2018-0258-USA,nat-cli-wil-for,786258e0192dbb8c72660ccf1e0242f1,USA,2018,1000000.0,1213435.0
5df94dd394855d226440a868ef2f41df,2018-0279-USA,nat-met-sto-tor,b891363374428c35fb1cb631759d7fbb,USA,2018,1500000.0,1820153.0
983626bdb310746ff4c9e27b6fdb72c5,2018-0331-USA,nat-hyd-flo-fla,ac4b82eea4807e3c5e02b8100870798b,USA,2018,250000.0,303359.0
075b6e189397b5f655cb04b245e51665,2018-0342-USA,nat-met-sto-tro,ddb35636ae30e84712c389ca83e70cdd,USA,2018,14000000.0,16988092.0
7f2eddfd434919f34261bb4377bb5dd4,2018-0344-USA,nat-met-sto-lig,05ccfc55d4324029b1b0953580b9463e,USA,2018,1000000.0,1213435.0
272ef96eb13f0d0e1aa1e5df16990de7,2018-0366-CAN,nat-met-sto-tor,6c1bdd4f6d72772e772bf099672da8fb,CAN,2018,325000.0,394366.0
cba97325a0312677b92c0d5f7786b48b,2018-0373-USA,nat-met-sto-tro,d7798f56f012c08b6f5323872f60f654,USA,2018,16000000.0,19414962.0
2a703ac72d5ab95a79ef7bc4a7038150,2018-0409-USA,nat-cli-wil-for,a6581714e3f6f47f8f193f3f666e088f,USA,2018,16500000.0,20021680.0
eec45ee6df9227c27762b33944596e91,2018-0419-USA,nat-hyd-flo-riv,d747517c0d48f0483f6ca590f7b6e183,USA,2018,400000.0,485374.0
3a702141d24af0ebbd418bddc93f0ad4,2018-0457-USA,nat-met-sto-bli,0fb8268aa70762cb280395474729580e,USA,2018,150000.0,182015.0
cccc81b0a819673e6c3ffa53e3cdcc8f,2018-0468-USA,nat-cli-wil-wil,9450a23ba32a1482a55e9f26fa646c17,USA,2018,5200000.0,6309863.0
139fb921e46b598fd2c3d559135011f7,2019-0007-USA,nat-met-sto-bli,92f29419beeb0c68c641682ccbe4a0a5,USA,2019,,
ee3676d590417443c4bb2a9214caa930,2019-0045-USA,nat-met-sto-san,689c40ff1134990552592f3bbdff6a7d,USA,2019,100000.0,119184.0
35c8072cb18eab36c4cd0bd0e639b7fa,2019-0046-USA,nat-met-sto-bli,4241cc66c2b78e700b068fc6c8df66f4,USA,2019,,
f9c6574b58d6661093f44861e93968c5,2019-0081-USA,nat-met-sto-tor,db99a3dc9f767ac375adbd5d99e47043,USA,2019,190000.0,226449.0
78956f793bf7467255247b56c1dfd5fc,2019-0086-USA,nat-hyd-flo-flo,477d8e6f32c00cfbecb60608534164f6,USA,2019,,
933cbcc40d27b06d834af439a8137341,2019-0089-USA,nat-met-sto-lig,961ba5555e6d58a36a47d5697f75a452,USA,2019,1200000.0,1430203.0
9194135692ea265cc42518900db9eef4,2019-0090-USA,nat-hyd-flo-flo,a0620f2c2a2480dbf853ba3aebd8b813,USA,2019,,
dddda0f3500f5a1961106b85c7c944f6,2019-0116-USA,nat-hyd-flo-riv,7125af2b1e9eaf2292b939eabc47a7be,USA,2019,10000000.0,11918359.0
68b031386dc78a5a4007cc2606553923,2019-0160-USA,nat-met-sto-tor,70a194c9d2d9b61953d6bdb7de41c737,USA,2019,1300000.0,1549387.0
d4cc548ae41f7d440db354195c53a97d,2019-0171-CAN,nat-hyd-flo-flo,3f962156c8ff911ae920b68b86c6e781,CAN,2019,800000.0,953469.0
40bdc17e24c42655451c94c4f6e55f0e,2019-0184-USA,nat-met-sto-lig,b77454f599e129330939364a732f1ea9,USA,2019,,
da2324deacc9bc74f357646d4929da78,2019-0250-USA,nat-met-sto-tor,2471f4ab973ca848989263225dfbd8c2,USA,2019,,
3bee7822da487a066921d10ccc3f1566,2019-0306-USA,nat-geo-ear-gro,57f65d6252736c855ea666fd1f57e424,USA,2019,200000.0,238367.0
e13fb1e6fa71b726eda8c5e1f20330ff,2019-0307-USA,nat-hyd-flo-flo,bce224d18459caff00b17a24d1ae27e6,USA,2019,,
c796c9ebddec2b11ed1fa3631135e1ef,2019-0335-USA,nat-met-sto-tro,9b5214ee2846fb2f4cf591f4ad342510,USA,2019,600000.0,715102.0
f39a6ab397aa28ba0fb4387910e45dfd,2019-0412-USA,nat-met-sto-tro,9106e36715c164fb6377cdd9ad3dcca5,USA,2019,1600000.0,1906937.0
458be1709fd9e9a88fb12f9ee3f5c607,2019-0417-USA,nat-met-sto-tro,cf00f0fadea38a20eb620ec10f753a23,USA,2019,3500000.0,4171426.0
7b31655f759866993c62f32c4695e9f0,2019-0484-USA,nat-met-sto-sev,74c90f73a3097f475c937a5d1a0ad713,USA,2019,2600000.0,3098773.0
bd01817458a4739d35cb53e2053cf0a5,2019-0513-USA,nat-cli-wil-for,09d5ec2cab8128c6c6d946d0727eb40c,USA,2019,325000.0,387347.0
a39b8141b98cc114882d3c42313922f7,2019-0517-USA,nat-cli-wil-for,f2c3940f8174b873dd4411d648cbf6f7,USA,2019,1300000.0,1549387.0
8089eabf9abf30e2c4443d5ab16762d7,2019-0532-CAN,nat-met-sto-sev,326b8aa6db32966ade871d021765d835,CAN,2019,275000.0,327755.0
e2ee60e62f15375a8d80b0d97edbbe48,2019-0593-USA,nat-met-sto-bli,ebbafff48685c5bfa93b024befa81001,USA,2019,,
e96430a88c8fc0a3be803b935d85485a,2019-0624-USA,nat-met-sto-sev,baecaee88d50cc0ef4d9534dd0d941a1,USA,2019,235000.0,280081.0
2bdb47f96b1829f389a3799117aef6a9,2020-0011-USA,nat-met-sto-sev,92cd6af29c20c6fb1c6025656444e826,USA,2020,1200000.0,1412775.0
23c7c2ac15e4e07c64367004d7dbe70f,2020-0082-USA,nat-met-sto-tor,8bc9b499e6128173a447605c8037499e,USA,2020,2500000.0,2943282.0
17462ce01e7085e23c3714661fbf4f7b,2020-0089-USA,nat-hyd-flo-riv,fd035fa3af67cee9fa1f2cf3418fd776,USA,2020,175000.0,206030.0
2583f68364cf3fa27a011aad873609b2,2020-0148-USA,nat-met-sto-tor,380c6ccc852d1b72290749585ec5101b,USA,2020,3500000.0,4120595.0
1f64ac3df0e724fa501681d19f536bff,2020-0167-USA,nat-met-sto-tor,a9da1122fdf226fac48237a66f976380,USA,2020,1400000.0,1648238.0
16eba42d99c59bb5d6dab21147f27e7a,2020-0190-USA,nat-met-sto-tor,428c10c0ddbca98b90085f45ce4f5792,USA,2020,2900000.0,3414207.0
671e7abe7fddde842f3802201dcfaf29,2020-0191-CAN,nat-hyd-flo-riv,fc4607c7ec2dfe0ee39b55a51ca4bcad,CAN,2020,1300000.0,1530507.0
9decca4c4bafab802f4142e8a76a1996,2020-0212-USA,nat-hyd-flo-flo,3a680942a35c51b66157e0d702a9e401,USA,2020,2100000.0,2472357.0
ebd727c32920f6c4d1c1c0218acca2a0,2020-0219-USA,nat-met-sto-tro,400ef2cb7bd2de8a9004b82a3acfef3a,USA,2020,325000.0,382627.0
e6fe9486f92bed00a9b63ae606c1bdde,2020-0238-USA,nat-met-sto-sev,7fb10db5ac5e0af7b2eac0fa51e45124,USA,2020,850000.0,1000716.0
0057db8dbffd10eecd063a2b88e58521,2020-0266-CAN,nat-met-sto-sev,a28edc64aec578763928a98b35c024fb,CAN,2020,1200000.0,1412775.0
dfafec29982cb24f85fa866566fc421f,2020-0312-USA,nat-met-sto-tro,350e3ddc48507add5a434f7cc98dc943,USA,2020,4800000.0,5651101.0
9c0a453ff3e1a8f72046c3d33985c8fc,2020-0316-USA,nat-met-sto-tro,cf00f0fadea38a20eb620ec10f753a23,USA,2020,1100000.0,1295044.0
fd21bfa2a44c07e7565077b20220b116,2020-0376-USA,nat-met-sto-tro,4959b3c384e1cafec5c2f91f93f3638c,USA,2020,13000000.0,15305066.0
9803a6611462ef6169f8c7446c1114ea,2020-0412-USA,nat-met-sto-tro,efd0ff6b5dc7509e98d981416ca9fb7e,USA,2020,2900000.0,3414207.0
c324f2ea5620e0463d8df88bb8f0c934,2020-0438-USA,nat-met-sto-tro,9f21abaf9f936d19cb9968ba68f86890,USA,2020,6300000.0,7417070.0
9d8415b933407941a46768ed1171b9fc,2020-0441-USA,nat-cli-wil-for,583f6c15ebdcffd50b6019e3bf6202a1,USA,2020,11000000.0,12950440.0
aef585fb9e23c2a2e82659d65ce111e6,2020-0474-USA,nat-met-sto-tro,4332a41a01b7aaa7d9b624c520d90d8d,USA,2020,1500000.0,1765969.0
57983e24d1994d6d7d339220266ad37c,2020-0483-USA,nat-met-sto-tro,b1b09c1938155a0a42382721266103ec,USA,2020,3500000.0,4120595.0
172eace24609dcaa5eee6bae077644b0,2020-0538-USA,nat-met-sto-lig,ac81319fe2bf1ee129338e676e22ee61,USA,2020,350000.0,412059.0
cef5c801ac53f40d001753b6e5f0bb72,2020-0580-USA,nat-met-sto-der,3f445fcef256b4241d06a534612068c3,USA,2020,6800000.0,8005727.0
a96a0ba30936591312c73c3db9eb16a3,2020-0582-USA,nat-met-sto-sev,dd4dcd211652f3d880413ee29290c161,USA,2020,2900000.0,3414207.0
f7ef8a2a7cadeb3f10ac38f14e28bcbb,2020-0583-USA,nat-met-sto-sev,3522424acbf461d683a664486a3114ea,USA,2020,1600000.0,1883700.0
b267d690ad0e7aff0646996d20e65947,2020-0584-USA,nat-met-sto-hai,3c61b08cb6bae5ccc63d0a0821b2aeff,USA,2020,1400000.0,1648238.0
bd132065d5280e42931b7c9217140a4d,2021-0011-USA,nat-met-sto-sev,4b1446ef2f1a1b7b9238a2c50f695415,USA,2021,675000.0,759028.0
dda0821ff1e03c0be976439f5bfe1100,2021-0037-USA,nat-met-sto-tor,1e609507f58d82f7ca0e9c694c420f5e,USA,2021,120000.0,134938.0
f8155b47eb7178b273dafe3d90714339,2021-0043-USA,nat-met-sto-sev,1b4715ea815665dc219ab9bbf1060f24,USA,2021,1100000.0,1236935.0
aa8ffef38a3e03689bb675eb2e067fca,2021-0059-USA,nat-met-sto-bli,c87dad8995a9806a609bcfb3b4713cc1,USA,2021,100000.0,112449.0
9218a031471a34c7a135706c65be29d2,2021-0096-USA,nat-met-sto-bli,e78afd8cccd0f047902f82f126b7d8e5,USA,2021,30000000.0,33734590.0
09a907061444f92b0d96060608848f95,2021-0117-USA,nat-hyd-flo-riv,43bf7d5e293d0591bb901c673011f29f,USA,2021,150000.0,168673.0
c877f983550254ac098a2817d5d9056d,2021-0150-USA,nat-hyd-flo-flo,fbc9554d1a159722f5c75dff841aa89d,USA,2021,50000.0,56224.0
2e36c7b06d9176a32e6b77be61e6d13a,2021-0166-USA,nat-met-sto-tor,434ef8888accd4f1178f59e6c90f2ae2,USA,2021,500000.0,562243.0
a80cb9e285416daa29bb9f722245a145,2021-0178-USA,nat-met-sto-tor,75e6ab8f7b774ac6f056abbfd7fad88b,USA,2021,1700000.0,1911627.0
00b1f0a87dc80b8c91335a0caff9b0f5,2021-0193-USA,nat-hyd-flo-flo,af6d0b3048182247b73c2c5189b180e2,USA,2021,1300000.0,1461832.0
e695372fdfb0d08327b58036a500f462,2021-0199-USA,nat-met-sto-sev,5465799a45faa0aea1283edf76cc2246,USA,2021,945000.0,1062640.0
fb5df605948637b6511464f4ffeedb4a,2021-0211-USA,nat-met-sto-sev,42632f9c5cebff8afc929d9c81307eac,USA,2021,215000.0,241765.0
2e53f568c522407c46c4ad0cb4b31848,2021-0250-USA,nat-met-sto-sev,616902890e1878d24542a59f1a92f73a,USA,2021,1500000.0,1686729.0
0756ad6b3b07f6448ad529c4a37fd100,2021-0251-USA,nat-met-sto-sev,81732bb61a313ea67810336c1ed24a5c,USA,2021,3100000.0,3485908.0
9106a6ef3e25bc1e306ce41ab7a40386,2021-0266-USA,nat-met-sto-tor,c0dbffeb4d92a84afdc17178de9ba8a6,USA,2021,1300000.0,1461832.0
37ed4b523f598ea87706783386c53fbe,2021-0273-USA,nat-met-sto-sev,f06706507847459983782bd9ab742cb4,USA,2021,1300000.0,1461832.0
be61fd599178a80c961c96584551e20c,2021-0305-USA,nat-met-sto-sto,255d078d789c676d3c86fc7af3563b21,USA,2021,375000.0,421682.0
fb3ace671ee8ed75e9e0fbb3a7ff273a,2021-0335-USA,nat-hyd-flo-fla,5156b3cf7ce22c6fdcce66b50fb385df,USA,2021,950000.0,1068262.0
9fa35247b33f9234ac60d170dc0c7414,2021-0356-CAN,nat-met-sto-tor,cc2d180bfa9e7aa647297d5a80b33375,CAN,2021,25000.0,28112.0
8f55f16b43f6d21ae2be3945aa01586a,2021-0357-USA,nat-cli-wil-wil,eac4555cdbc46a8d5966c474bf916707,USA,2021,10000.0,11245.0
3295b44b4fc7c22e8985a8bedbbc9538,2021-0367-CAN,nat-cli-wil-wil,a2ac5d265b0762950cf5b760773ecd24,CAN,2021,80912.0,90984.0
6e717dce9167f6f2e112576a3d181a10,2021-0373-USA,nat-met-sto-tro,78b089126b76f618de33688f7fc4faa6,USA,2021,1200000.0,1349384.0
8939844d009869aa1979a5b4fd9e19ce,2021-0390-USA,nat-met-ext-hea,9b0763a6a4549bd43cf3257a4d34c41c,USA,2021,,
72a69da3e24d800b4e9cd7d4621d6530,2021-0410-USA,nat-cli-wil-wil,474dbc6d1d71a48be8fc39468c1fed60,USA,2021,325000.0,365458.0
947abd4b879b3a4a3d928d759e08bda5,2021-0433-USA,nat-cli-wil-for,8308e09d2585ff9d3112d7e3645fa099,USA,2021,3000000.0,3373459.0
ebf7410d7778036e4ae9c21d5006c3a4,2021-0442-USA,nat-hyd-flo-flo,87ba71d7b869937316d6ee64084cf7be,USA,2021,50000.0,56224.0
03f694c74a4fc2f6227599a48decbe7d,2021-0487-USA,nat-met-sto-sev,42d847df370652d16b2ddf81e31ba974,USA,2021,1200000.0,1349384.0
1dba6ea47d070ed0760b0b98777ca7bd,2021-0488-USA,nat-hyd-flo-fla,5cad1d1d6761744119dc829b6f84fdae,USA,2021,300000.0,337346.0
0dabe5262761e1545064610cf6fc7f37,2021-0526-USA,nat-cli-wil-for,373d5289704d2d2099a6fed05aa49461,USA,2021,1500000.0,1686729.0
d29aa1fbcdeef76780885a4df1b09f8a,2021-0531-USA,nat-met-sto-tro,e55ad2b82ae0acca4352953beb1a8643,USA,2021,550000.0,618467.0
5644901bcac7f3aa8f101583ee5cbb1c,2021-0532-USA,nat-met-sto-tro,7683da3328b66bd5979aab006e8b7858,USA,2021,1300000.0,1461832.0
febe12391eed9a0a09d2050e05f51fdc,2021-0533-USA,nat-hyd-flo-fla,ff930823305328e11f12bcc837666143,USA,2021,150000.0,168673.0
ce05a7b199770f07d5370318ea7ef928,2021-0551-USA,nat-met-sto-tro,27ba48648007a3c94ce623e7fe142dde,USA,2021,65000000.0,73091612.0
4a1a149fb12f11b3c90e61f2a5b03e97,2021-0562-USA,nat-hyd-flo-fla,65d4fabd79ea7f4c8610b3145944ca0d,USA,2021,25000.0,28112.0
83ce5362ece13e2c88a0e6831a0177e2,2021-0565-USA,nat-met-sto-lig,40071bcaf02053e58746639d3a0a9752,USA,2021,1300000.0,1461832.0
e80fb5a5ad597ff36c007ca625d9fc72,2021-0566-USA,nat-hyd-flo-flo,9937079cc12d3cb877f983f812862474,USA,2021,225000.0,253009.0
238e7c2f35daa052cc23fc59c5650279,2021-0583-USA,nat-met-sto-tro,bf62a4f21d9fc911d859d5b89d5be8c7,USA,2021,1000000.0,1124486.0
e24dc532ce347b5e962d5ef572852398,2021-0626-USA,nat-cli-wil-wil,e314554495d8899a4443d77723c98b7e,USA,2021,,
a9ea667e6441155213ff5aa5b0f4b91d,2021-0733-USA,nat-hyd-flo-fla,628c5c17a3ef70c2d08995d4ee4320da,USA,2021,325000.0,365458.0
04ae3aef7796dc8f8f378ec150995038,2021-0741-CAN,nat-hyd-flo-flo,237c6cc7cdcc7258b05079a3d3f373ab,CAN,2021,2000000.0,2248973.0
a942c4bbcb24adf64829b8de3037a088,2021-0741-USA,nat-hyd-flo-flo,f34c8a0ab158f8a8889a4789682fdba2,USA,2021,200000.0,224897.0
e809a4c261da66505ebe3e622baac051,2021-0784-USA,nat-hyd-flo-flo,6e81c7f0700bce0bf4a9c48be1b86fb9,USA,2021,75000.0,84336.0
b67e6816dc3b2e2a1a7c463224165e1a,2021-0797-USA,nat-met-sto-tor,23018ae28ebbacdfe464dc38e5c904be,USA,2021,5200000.0,5847329.0
ecbb44ae916d7d30f5a61925fc91b5db,2021-0815-USA,nat-met-sto-sev,1c764e02feb81a838d8e6a875911fc9f,USA,2021,1900000.0,2136524.0
7031701304d6fb7f78ec7a177859d99f,2021-0832-USA,nat-cli-wil-wil,6407d6bbfce354ec5f46f57ebdfc9e13,USA,2021,3300000.0,3710805.0
75bf8de4f0fca9f13400e40cb25e4a5b,2021-9846-USA,nat-cli-dro-dro,412fa159f76db352c49aa1bd02210910,USA,2021,9000000.0,10120377.0
8e9d1b69ea4a52bd7a8a2690caf713c8,2022-0007-USA,nat-met-sto-bli,2170928f7d65a14e484514fbbb7a95bd,USA,2022,525000.0,546611.0
f8e28d4a503a23ee9162e6d31c404d7e,2022-0080-USA,nat-met-sto-tor,03865eee70dfa957e9e6da49469b1274,USA,2022,526000.0,547652.0
84bed47d4718f552bc05e953e3f3ba80,2022-0126-USA,nat-met-sto-tor,0bba78cdc7841380d2e1d6581dad34cb,USA,2022,820000.0,853755.0
9772dbd7a127dbd39ebab14a9f8e20fa,2022-0132-USA,nat-cli-wil-wil,454c523343b1ba955815aecba3c9f331,USA,2022,,
d9ab533c20424c369896afa378bd2b08,2022-0157-USA,nat-met-sto-tor,aba05562e8ea4be61e66d56a61821cab,USA,2022,3000000.0,3123492.0
8e18e96e20962d7ecad076aa62fe07c8,2022-0185-USA,nat-met-sto-sev,b90bacf8d45f84e7e3b103e0f18f6119,USA,2022,1300000.0,1353513.0
1d3471fbb4a60156597055e75f0198f8,2022-0193-USA,nat-met-sto-tor,d0a6a79dcfb4763cb3771b8b0f654579,USA,2022,3200000.0,3331725.0
4235272786fe1c3b724f3909817b2178,2022-0212-USA,nat-met-sto-tor,fc8f51be6fbfe63d065063b5963f60fb,USA,2022,2800000.0,2915259.0
e67845f0d0969068bb6a6b0f4ff89eb5,2022-0227-USA,nat-met-sto-sto,74deda42558bd0756f579f60ad4da679,USA,2022,882000.0,918307.0
654321c9784235d24116904d1ec1dc5b,2022-0244-CAN,nat-met-sto-sto,c9fe8f6ff010a470b2a53dc0e6786764,CAN,2022,,
27667daef18f6f31b9388f32ec30c1a6,2022-0244-USA,nat-met-sto-sto,a6b87f2e8d6a6d68e1d1057283bada74,USA,2022,624000.0,649686.0
e47f4b2a0649248c39f55f4279fd10f3,2022-0246-USA,nat-cli-wil-wil,57a21feb116e2f150656bc90bfbcdf1a,USA,2022,,
0794a4782d047e255c666bb9f7e925a8,2022-0261-USA,nat-met-sto-tor,1be133b5ab477b790c4cf94da8f883a3,USA,2022,583000.0,606999.0
776f370afd89131262ceed9673d568a1,2022-0266-CAN,nat-hyd-flo-flo,c26f0250037f5f53aaaac3eb39673b70,CAN,2022,,
1177e4673c84b51af8a472bab557cb61,2022-0284-USA,nat-met-sto-sto,347c842fa8f7d0aab59132596beac9e5,USA,2022,1200000.0,1249397.0
e1935f4b1151ab88380a1975b91c997a,2022-0304-CAN,nat-hyd-flo-flo,c35b5ebd12aa49c9af171cab1d56b68a,CAN,2022,36000.0,37482.0
a06d0f5c9446df543fa26b0b7e4afcfa,2022-0325-CAN,nat-met-sto-der,8b9772ead080c724ef5561f82105ae97,CAN,2022,,
844863f6eac74b0f3074b2dae3276bfc,2022-0325-USA,nat-met-sto-der,8584eb68298f1b4a7b6c36fcce133a05,USA,2022,2500000.0,2602910.0
18c9369618aca0d33ccbac83572b33e7,2022-0361-USA,nat-hyd-flo-flo,0b3967d1189fa83ac1e92e0cd5add56d,USA,2022,,
f590c69b4f726e744cbd6d88c8f881ee,2022-0480-USA,nat-hyd-flo-flo,2ba0643a08b2e906f0b9f1cb0e39be2c,USA,2022,1500000.0,1561746.0
e9c6a75300320ecf95d76a8628911750,2022-0486-USA,nat-cli-wil-wil,b3ea4071e81d5c5625ddece272f627fd,USA,2022,151000.0,157216.0
fa6f4c052ed71f888fb0765e824842e2,2022-0603-CAN,nat-met-sto-tro,7395001eb221df27fe1f105064dd13ad,CAN,2022,,
b922576e6fe72b3de0a7935f65628cce,2022-0614-USA,nat-met-sto-tro,04c4f05fc47ed6d51982f744a8af9ef6,USA,2022,100000000.0,104116407.0
00fc984be9fe09eeface3c7cbcbdc6b1,2022-0734-USA,nat-met-sto-tro,1df69b942b3e4b89a43b58924a2ae138,USA,2022,1000000.0,1041164.0
46423fe95a76a1052ab70b59276bc9dc,2022-0735-USA,nat-met-sto-sev,00be8b56d45d33ba2441add34f4f2b93,USA,2022,375000.0,390437.0
5500ce9c807d81db8b93888eb222b96b,2022-0808-USA,nat-geo-ear-gro,6fd34895658537ec64df9c0714ca9317,USA,2022,250000.0,260291.0
2ce8c35b879cc2d557ed2314b15d6373,2022-0811-USA,nat-met-sto-sto,574f2eba43d72e87c61768739a774c8c,USA,2022,345000.0,359202.0
c9b74fc1f7c713a2f24c22caa182968e,2022-0818-CAN,nat-met-sto-bli,215865017be9ede4319880bea849bcba,CAN,2022,179000.0,186368.0
5b85f7f38b8b1c9600615c6527efe4c9,2022-0818-USA,nat-met-sto-bli,63652c440aa684c9a8af185d5604996d,USA,2022,2700000.0,2811143.0
dce736ef7c17c704f93da26cbe0372a8,2022-0863-USA,nat-met-sto-sto,f730fd0ff5f819eaf7e27ea59b15949b,USA,2022,1000000.0,1041164.0
616071764371783e1d476d22929cf70c,2023-0032-USA,nat-met-sto-tor,402e5210d17a7d848446b79833165ba9,USA,2023,770000.0,770000.0
0f11de0a2f335cfb081f64b8565e38e0,2023-0052-CAN,nat-met-ext-sev,06d21fb4385b7f1c0b18619646a0e13b,CAN,2023,165000.0,165000.0
446c1c4e611d9cc4345a291f0208ccd4,2023-0052-USA,nat-met-ext-sev,7165c62b36e2b7a3065a77164adb8428,USA,2023,385000.0,385000.0
77724f99162bddc5af04bc834eec7988,2023-0122-USA,nat-met-sto-sto,550aa473491d3a516334739ab4bd8d27,USA,2023,6000000.0,6000000.0
113afcd59803bbccaf9a5ff8452ed6d5,2023-0135-USA,nat-met-sto-sev,b6820b7f638931d32ed5e43cefc56dc3,USA,2023,255000.0,255000.0
13c2ff9f471ec26419bea8becbdacd47,2023-0176-USA,nat-met-sto-tor,116501842fa588876bb9014efccb270b,USA,2023,2900000.0,2900000.0
976dfbcb727a08b152ed094744e465e5,2023-0192-USA,nat-met-sto-tor,a7e60f4d1c5ea9142f372b6128304311,USA,2023,5500000.0,5500000.0
2c7991763ab95dd84d36210eec06a1e9,2023-0206-USA,nat-met-sto-tor,bfdc95d77da93b23923c90512c73e3c2,USA,2023,2900000.0,2900000.0
cb9eb3aa6446a9aa3a6634d6c710cdfe,2023-0225-USA,nat-hyd-flo-fla,812a49853cb84b8f6f069819fc6ab679,USA,2023,1100000.0,1100000.0
c2c574aa5bf5edbfff81f7e4fd3afe80,2023-0239-USA,nat-met-sto-sto,9856228eaf3997cf8023b6d70618adfb,USA,2023,2950000.0,2950000.0
f63756d026e6b250edb90b881ba8cd55,2023-0253-USA,nat-met-sto-sto,000925760d1df376085025be17ed185f,USA,2023,1300000.0,1300000.0
192765020da179eeb950ab8eb5e2d20c,2023-0272-CAN,nat-hyd-flo-flo,92ec18492b7e1041d04cfdc723715799,CAN,2023,,
3220cd2abb508f6eca400b7318f6ecea,2023-0288-USA,nat-met-sto-sto,f19177042e1d63ca8f921e28ed851a0d,USA,2023,2200000.0,2200000.0
10af6f2d3469907c56f0a03dc54ceca9,2023-0324-USA,nat-met-sto-sto,2c53bcaeed4aa48b9489cffb1134d617,USA,2023,3800000.0,3800000.0
084ced863bb0c80b9c33cbfb1faa2e38,2023-0332-USA,nat-met-sto-tor,07d44223e3bcb5e7951ceb032870bcbb,USA,2023,4100000.0,4100000.0
532247c67b4207f77e806f2869337939,2023-0370-USA,nat-met-sto-sto,9d459badc0a13737f647a11e1824420b,USA,2023,5300000.0,5300000.0
c3bc11192c038fa1b57e11a51fc9ebff,2023-0426-USA,nat-hyd-flo-flo,b1723ac5818e985825f32c2c67a364da,USA,2023,2200000.0,2200000.0
e1d9605b73df52d019a0b06a5db581df,2023-0465-CAN,nat-hyd-flo-flo,045ec5c39f159779e1ef86a0e98527f9,CAN,2023,,
9b25771c28dd59f161dfc671603ff3d3,2023-0524-USA,nat-cli-wil-wil,d51121cee49444e354098f174a76f92b,USA,2023,5500000.0,5500000.0
a5c0cbb3b6927c1eb1a791df136d582c,2023-0565-USA,nat-met-sto-tro,1da15d3f6ed04802763d554c1f9781c4,USA,2023,3500000.0,3500000.0
57a5401cef8e9a5a19910f5b7641ef9a,2023-0651-USA,nat-hyd-flo-flo,594a861d801bdc0dba97c72066fc5f1a,USA,2023,,
0dcbe732ac540388cd5cf957af743b15,2023-0656-USA,nat-met-sto-sev,0d750cf80791811848040406f9427cdf,USA,2023,1600000.0,1600000.0
862180e1258c91be842efad0a2d510f0,2023-0785-USA,nat-hyd-flo-flo,92c52028060cbc6d57abe7f3bb5bda74,USA,2023,,
63a65b0dcca5ef87a46df95448d5ccd5,2023-0826-USA,nat-met-sto-sev,b0b6ebc0e5fd7339290722d98cd5b3d6,USA,2023,100000.0,100000.0
7e275a737304906eac2669ed494eed92,2023-0843-USA,nat-met-sto-sev,0dd8711cc0890dc440217aec2da96e48,USA,2023,1300000.0,1300000.0
96aa5735fbf4a226d4a3a40259b21a94,2023-9868-USA,nat-cli-dro-dro,3b480bcd69bd97f7723097e6d57bc007,USA,2023,14500000.0,14500000.0
fb9fa53a1087df41ec3ba19756bfa00e,2024-0004-USA,nat-met-sto-sev,9b4c8af0f922033a9d7b1af5a11b0aff,USA,2024,2850000.0,
0534ee321c14fdfe73c9b22718191506,2024-0005-USA,nat-met-sto-bli,93f7267310a2874cdefdcff35effd4d4,USA,2024,3800000.0,
fa5fd58e2595f2cf4dc66d4db0da7ede,2024-0062-USA,nat-met-sto-sev,6ad7ba8954630637a8f6595fa856d674,USA,2024,1100000.0,
300ff8d9970f11fe3f62a6c15e70ab19,2024-0079-USA,nat-met-sto-sev,2b19fce02e77429366192f7c6d64f63b,USA,2024,1300000.0,
ef710ae48d8091e8a42545c176dddb31,2024-0126-USA,nat-cli-wil-wil,81732bb61a313ea67810336c1ed24a5c,USA,2024,700000.0,
7d47cc1d04fef9200354f13153afac6c,2024-0173-USA,nat-met-sto-tor,53483dca6647cac7936b55d57ca3ff4e,USA,2024,5900000.0,
38e3e52c9508bee2b253854fe16b38b7,2024-0193-USA,nat-met-sto-sev,f8fe214c79bb47e8232545b39b221dc2,USA,2024,2500000.0,
12babdfa7820da13a5bf601b9bad3d4c,2024-0205-USA,nat-hyd-flo-flo,dadeb0cefb215d26afd818e99a68873e,USA,2024,2750000.0,
378a982ca0b3169f7aa739f481fec21f,2024-0266-USA,nat-met-sto-tor,372f29215b271ecd31c93f19b0b5475b,USA,2024,,
d2da589bcc26bf445c38002f62c9510b,2024-0288-CAN,nat-cli-wil-for,c19770c600c511fbec1e4ae263362109,CAN,2024,,
05acdf3b5cb5918136c2bf059663d869,2024-0307-USA,nat-met-sto-sev,541c645f993aaf354904f349c96b043f,USA,2024,4800000.0,
c6ef4f62680f9da52ffc9f3ed7e927fb,2024-0314-USA,nat-met-sto-tor,1f1c626d6acac3d55420de912e10ae2d,USA,2024,,
0a6e1b2b208d1cf541debc8677ce4658,2024-0340-USA,nat-met-sto-sev,6b107dd4d698da63b6fcdaad1736d110,USA,2024,2500000.0,
e95010061042509eb85f206f738c7168,2024-0351-USA,nat-met-sto-sev,ad34726e81611b6547af8e7237b5eef2,USA,2024,1900000.0,
a69294584778cfc2af081b9529afa12b,2024-0403-USA,nat-cli-wil-for,e8feb1f6753e2fa2fe030544caf079dc,USA,2024,1200000.0,
d25f2ea5a3fe84d23d76a67a3f5dd640,2024-0422-CAN,nat-met-sto-tro,05e3826914002e24919a2711c098e311,CAN,2024,,
fc759201f69f5fdda292f31c9f82479c,2024-0422-USA,nat-met-sto-tro,bf62a4f21d9fc911d859d5b89d5be8c7,USA,2024,6000000.0,
4952fc712dedc4c3e9076b518b6a5a1d,2024-0463-CAN,nat-cli-wil-wil,99317952bfbde052f7731817e3763423,CAN,2024,,
b055f2a63283eb1cabb4ee6144ec4b71,2024-0524-CAN,nat-cli-wil-wil,a6aef88149dbd7f22df4971210586c0a,CAN,2024,1000000.0,
c8fd0cd342ae327d7f1c4c409997b002,2024-0573-CAN,nat-met-sto-tro,d07757c2a27aff1bb1f06b9afb65c33f,CAN,2024,2950000.0,
297e6ef57e21258c14063684d1ff8b4d,2024-0573-USA,nat-met-sto-tro,62bfee5b30189af15c1c47b9f893f2f2,USA,2024,2250000.0,
072441b48287a9b92d44031647f54d4a,2024-0669-USA,nat-cli-wil-wil,6ec9a4fcb234cb258ee01459e83bbe03,USA,2024,,
80234918f59f6380f3f88aa0eaa736e5,2024-0693-USA,nat-met-sto-tro,906462b420bbd8a18bc41c17500dafc4,USA,2024,56000000.0,
e93fa5d59a214bbde2de70b1e82901df,2024-0722-USA,nat-met-sto-tro,ab8d0da25b8b64a6cc5c9c20c233bec4,USA,2024,38000000.0,
6e26acc38a6baf7d2b9d070a28480ddf,2024-0788-USA,nat-hyd-flo-fla,d3c8fd83d0c60abb72065d86a11f7af9,USA,2024,,
4b2fb0aaabe0142bbc75a4177a6cb4c5,2024-0814-USA,nat-met-sto-sev,9fa093f7e331e289388ea55628e9a8b3,USA,2024,,
a773856c77508c4e2f26f0ccf97b1268,2024-0827-USA,nat-cli-wil-wil,f194f72b869c0393494fcb6866b158eb,USA,2024,100000.0,
59c01404aca16dce496c70b73f650dd1,2024-0897-USA,nat-cli-wil-wil,8857c61647fd7bf2d2155651db0bbb73,USA,2024,,
