ImpactID,Total Deaths,No. Injured,No. Affected,No. Homeless,Total Affected,Total_Damage_000_USD,"Total Damage, Adjusted ('000 US$)",CPI
5cdf3bcf14b636dcea834bde8a1d89fa,1.0,12.0,,150.0,162.0,210000.0,371587.0,56.51429055927763
5370ecca580bd7737acae78e8d820169,22.0,100.0,900.0,,1000.0,,,56.51429055927763
aee9ba2fd62e6a9ad6c976d5503c5011,3.0,,231.0,,231.0,,,56.51429055927763
141de4c78e696b24e06af81baf193ea5,,,600.0,,600.0,,,56.51429055927763
28e519b25fa779a2c599392458dfb094,5.0,,3000.0,300.0,3300.0,450000.0,796259.0,56.51429055927763
37a607d222456968f0bf6d2a3bb2b47c,2.0,,,2000.0,2000.0,,,56.51429055927763
d6f63f50bf4d2af3343478b0db72d275,,,25000.0,400.0,25400.0,1500000.0,2654196.0,56.51429055927763
56664d2838451fe35810469aa14359a7,1.0,,300.0,,300.0,,,56.51429055927763
a40eb3c39cb1593c5b80913b5dab151e,,,,,,,,56.51429055927763
9ee6b3ab4918c1cde53a407907a96345,,,240.0,,240.0,,,56.51429055927763
a0c0197b167e4b78744a4acea0da2e7c,2.0,,300.0,,300.0,100000.0,176946.0,56.51429055927763
842b74e4c99dae679b2be0190143e5f8,,,,,,28500.0,50430.0,56.51429055927763
f0b66b60095d2de3ff2e42767f770397,,,,,,,,56.51429055927763
4457e9cebfe65c450ebb1bdc823ddf23,,,800.0,210.0,1010.0,,,56.51429055927763
ba414776194a5594cbfe0dfc31a24d19,,2.0,8000.0,75.0,8077.0,,,56.51429055927763
eb29f08135112418d0175280ae1e9cb2,11.0,140.0,,700.0,840.0,13000.0,23003.0,56.51429055927763
79f5d7b1285a45f56b73ff54ee5cb023,35.0,,,,,,,56.51429055927763
99e0af6da40e87c81549c15a9cfb5721,,,,,,,,56.51429055927763
a6f69db763c0932834083f5b96a6c30a,1.0,15.0,900.0,120.0,1035.0,8100.0,14333.0,56.51429055927763
f3cdf5e13e8a79c09b0b3d19504c4862,14.0,,1000.0,,1000.0,1000000.0,1769464.0,56.51429055927763
2f0c9e34a82dba179c7670756ce274a1,,,175.0,,175.0,166000.0,293731.0,56.51429055927763
a03fe066ee39153f16e3eabc6feefbea,,,300.0,,300.0,,,56.51429055927763
23f2d7e66b695bb64efbc5deb44261ea,,70.0,25000.0,104.0,25174.0,50000.0,88473.0,56.51429055927763
156de1c3a4edcf5fd67a8f0eced9d3c5,1.0,115.0,,,115.0,90000.0,159252.0,56.51429055927763
b9af99a2ac300885c5a06081f9fa953f,2.0,,14418.0,3015.0,17433.0,219000.0,387513.0,56.51429055927763
e4cb4a17286ed6ca4962f087e0c50ec5,,,,,,,,56.51429055927763
fee1fdbd02d5db12960efce4c627244b,57.0,34.0,,,34.0,,,56.51429055927763
7772db3054359660cbc0fcfa032d1434,,,100.0,,100.0,20000.0,35389.0,56.51429055927763
06d8b2e60dc17538492e26853f317e0d,4.0,,,,,350000.0,619312.0,56.51429055927763
89b7ae3bbdc3119005b0670e66cd779f,12.0,75.0,,,75.0,500000.0,884732.0,56.51429055927763
3386e6b2d3d12909f8e232ec28c33fe9,,,,,,1100000.0,1946410.0,56.51429055927763
bdfe6b7a182bb233d086a0b0b089937e,,,,,,,,56.51429055927763
f4dd3cb711526c7cb4470fa8b1fdd2f9,11.0,,,30.0,30.0,,,58.11147437438208
121ee3de0fc3d8ca66fb93988bfb3fb8,1.0,400.0,,,400.0,2000000.0,3441661.0,58.11147437438208
8a08208b3e8bb01fde8975a733c8e3bb,7.0,30.0,900.0,,930.0,250000.0,430208.0,58.11147437438208
334ca07e3b5a4ed23f8de7b5af60d21f,11.0,100.0,,,100.0,,,58.11147437438208
e09edf3008823d00ae674a2b7989ca7c,4.0,18.0,765.0,30.0,813.0,23000.0,39579.0,58.11147437438208
4b82b467ccc0cd858d42931e57eeeb0c,,,492.0,,492.0,1800.0,3097.0,58.11147437438208
4ce77ea9d8d3d05109afb676685bec47,1.0,,399.0,,399.0,,,58.11147437438208
72ffb616368e11dc8458ca747df77431,41.0,,102000.0,70000.0,172000.0,6000000.0,10324983.0,58.11147437438208
1be48f8fe68f50d1e2a19f45c282efbf,,,200.0,,200.0,,,58.11147437438208
1d834c835d9c01a6f04282fdf7ccc8fd,2.0,,100.0,,100.0,,,58.11147437438208
eec338274210e6aed14e42ebb067c249,1.0,,4400.0,,4400.0,13000.0,22371.0,58.11147437438208
ebe3655caf5fd552e82497c9df70b2e4,1.0,32.0,1707.0,,1739.0,,,58.11147437438208
893f6acd0913c0acc498b63e74fc3c04,1.0,10.0,129.0,,139.0,,,58.11147437438208
1fffb45b57cc327b48059b9c73b4b2a5,,,1200.0,,1200.0,,,58.11147437438208
6e6dc9d81f6f18a6e9a8f58c778344bc,,,75.0,18.0,93.0,,,58.11147437438208
580fd68023cf0769d327314b4b0521dd,,,,,,,,58.11147437438208
007f2c6898cdedc5a323aebf75122289,2.0,,10500.0,4500.0,15000.0,20000.0,34417.0,58.11147437438208
ab645cbf565a8210f06a5bddde3d98df,3.0,8.0,360.0,,368.0,10000.0,17208.0,58.11147437438208
44b49f687f0eb0c2f0fa1b540f5eeb09,,,225.0,,225.0,,,58.11147437438208
19e53d1ecc794000de2b87d00b44a18e,,2.0,120.0,,122.0,,,58.11147437438208
449dcbdfbddd0b81373417b23408b905,,7.0,300.0,,307.0,,,58.11147437438208
3c8442836d68e40dfb277fbc5dcc8d90,2.0,50.0,,1000.0,1050.0,30000.0,51625.0,58.11147437438208
3de3f33fd441cd289658cc01ddfec078,,,360.0,,360.0,4000.0,6883.0,58.11147437438208
636bfab3c256edbbcba020df25afb7ba,,2.0,1800.0,150.0,1952.0,7000.0,12046.0,58.11147437438208
9926e217d87dc180a1fbe9f9cd3eb95f,1.0,,,,,,,58.11147437438208
240482092817af7a231994486853b71c,9.0,,600.0,,600.0,,,58.11147437438208
0a2fcf652ed900ba862b994186d15c15,56.0,,,,,,,58.11147437438208
369b19577b26782718d61c140b49c7c0,11.0,,,200.0,200.0,,,58.11147437438208
cb7219fac51286116e10914bb3781dc9,,,3600.0,,3600.0,,,58.11147437438208
58f4a5a0b3c51cb6d9e564c934c22d92,,2.0,200.0,,202.0,3000.0,5162.0,58.11147437438208
2a5754db65ed05ec4a0df58447329634,24.0,,,,,,,59.03314407861422
fca0df58f1a9538ae9e4e9a8d6d3113a,,11.0,,123.0,134.0,6600.0,11180.0,59.03314407861422
70261210f1583efd0efaa11510ba89c8,28.0,,,,,400000.0,677585.0,59.03314407861422
b07e534df698741c574b89270a7ebb0a,20.0,,,,,,,59.03314407861422
e25e4cb257bfda9f05616f111ae3d1e0,6.0,4.0,750.0,,754.0,200500.0,339640.0,59.03314407861422
a8993afce32619df55191529c462e0de,7.0,,2000.0,,2000.0,76000.0,128741.0,59.03314407861422
cc6abf64d23e4eb423be793e4b1bdc9d,,,,1300.0,1300.0,5000.0,8470.0,59.03314407861422
23786567fe464aaecdc7934cc001ca31,9.0,,1000.0,,1000.0,13000.0,22022.0,59.03314407861422
e0964363ccf47fa648664b654c1454b0,2.0,3.0,150.0,30.0,183.0,,,59.03314407861422
e8df16d9d9feab6d75648d1abdb4e171,1.0,12.0,,,12.0,4000.0,6776.0,59.03314407861422
98f7a020dabac8d34e776c6ac50f21cc,10.0,100.0,,,100.0,2200000.0,3726720.0,59.03314407861422
974da34708b4ce323417a482a2bc17e8,,,,,,,,59.03314407861422
d6b3b93e308637aef50b17e703ec4d45,,,,,,,,59.03314407861422
923aca58ae7f656d80f961f19aebfe4a,,,1500.0,72.0,1572.0,20000.0,33879.0,59.03314407861422
50311e624225a63b2663d7539027805d,14.0,,,,,,,59.03314407861422
3dfc10fc87be3d6526fb8a6e1d8eeb18,,,,1269.0,1269.0,200500.0,339640.0,59.03314407861422
39c5fbfe9086151a55abda9e0c23a168,,,,,,,,59.03314407861422
3c46a901c21a7a4689d258ad373ef9aa,,,600.0,,600.0,,,59.03314407861422
ae72f74a3ac693a029b73d8fec716f16,10.0,,144000.0,,144000.0,1000000.0,1693964.0,59.03314407861422
8fb09b06844dac8e1f94c328dedb89e6,214.0,,3523.0,,3523.0,,,59.03314407861422
08512b4aa4cddb721afaa9b4b9ce1e1d,,36.0,450.0,51.0,537.0,20000.0,33879.0,59.03314407861422
d591347d9b4fccb322848fb1d98fc40b,,,750.0,,750.0,,,59.03314407861422
9973efd85faa20731e9b24d4e916f7e1,,,2000.0,213.0,2213.0,,,59.03314407861422
78bf85377a2c97604aadd9481bc8f9d7,,,,,,,,59.03314407861422
0c0801708a595d021c0b75624ec52389,1.0,,13200.0,,13200.0,300000.0,508189.0,59.03314407861422
5462a31c348a921e06f1584d81c1a509,,,101.0,,101.0,,,59.03314407861422
703897640aa972e09466c318c3a933aa,2.0,,139.0,,139.0,,,59.03314407861422
82b3b236b1538d588100b7ea30533261,36.0,115.0,3600.0,351.0,4066.0,700000.0,1185775.0,59.03314407861422
1843a7e746bb7099166c93d459fe106e,,,,,,2000000.0,3387927.0,59.03314407861422
e4c7adf4666576c95be0b4601b8bdad7,30.0,,,,,450500.0,763131.0,59.03314407861422
987591094f8e76b20d562c7c9863b343,13.0,,,,,,,59.03314407861422
6ea78b84e68d5db245c69837118d8228,18.0,,,,,,,59.03314407861422
a0030c42a6dcaeaed6f637d6f2c1254f,1.0,47.0,,,47.0,,,59.03314407861422
d7fb6b991b8bef114d35632090579577,,,,,,3300000.0,5590080.0,59.03314407861422
c99c84f7ab42d91883d34b0648380718,44.0,,120.0,,120.0,200000.0,331273.0,60.37325106625937
0a10c3152fd7133547659a255fd36825,,,1100.0,,1100.0,,,60.37325106625937
141d9a9af260d0e79eb0520ba8aa651f,6.0,200.0,,186.0,386.0,5000000.0,8281813.0,60.37325106625937
3caa8683f3aae2c649ff78ffba232c33,3.0,,,,,25000.0,41409.0,60.37325106625937
bdeba8df0028a59609c6ef39f289bf3e,45.0,145.0,,15000.0,15145.0,4000000.0,6625451.0,60.37325106625937
df3d8cc6ed041545a8814e5eb8d8c2fa,2.0,,170.0,,170.0,10000.0,16564.0,60.37325106625937
ba3c1396a3471c675ee2af133ce2c74a,,,,750.0,750.0,,,60.37325106625937
533c16c8e8ed5623b7ae9796aa9116b2,3.0,,1200.0,,1200.0,106000.0,175574.0,60.37325106625937
4fe2b7040aa428f40a556c080e0eb3ef,1.0,,,,,545000.0,902718.0,60.37325106625937
b2273788f3e89a0963d4da38b2b97b60,,,1500.0,,1500.0,,,60.37325106625937
9c22ee5fa4a62d7a273aed0738bd80da,,,400.0,,400.0,10000.0,16564.0,60.37325106625937
aa5cfe43423d2d02d84db4d4e2bf8929,4.0,,,,,300000.0,496909.0,60.37325106625937
7bf4903f62391239f486f3b57c5f4c47,,,,,,,,60.37325106625937
57aa7fdca9d0639ee38c4f756a99c1c1,16.0,,225000.0,,225000.0,3370000.0,5581942.0,60.37325106625937
61e561e71a36bf45f43c5bfe40b9b9f5,2.0,,200.0,,200.0,110000.0,182200.0,60.37325106625937
00733c044008147bae3d7cf50330a416,2.0,,800.0,,800.0,15000.0,24845.0,60.37325106625937
41d6a6a0049ca68a156a808f666b1e68,,,,,,,,60.37325106625937
458c005c6b1ed49e2de74ea9755c5028,14.0,104.0,27000.0,,27104.0,,,60.37325106625937
b8e8e837477d429b13040acb8ef372eb,8.0,,1125.0,,1125.0,,,60.37325106625937
f76abf3c02043c890d3c823c10674780,13.0,,,,,,,60.37325106625937
53d0890532e662c689f78242e2bb7e14,2.0,40.0,,120.0,160.0,200000.0,331273.0,60.37325106625937
15e2dfc57f57a4206f95e1c003cf91d3,15.0,15.0,,,15.0,,,60.37325106625937
fb069eb74e40db79e3379523a0adb699,18.0,,,,,,,60.37325106625937
bd62bf7099a7ea1e69dc25d4f5f93354,4.0,18.0,100.0,,118.0,400000.0,662545.0,60.37325106625937
6473e700110abe2e2f83c2949fbf20c1,3.0,,2000.0,,2000.0,17000.0,28158.0,60.37325106625937
7988a7098c93878ed679298f17be0d9d,,,150.0,45.0,195.0,,,60.37325106625937
a87a33eba417f9280dc89439e260a53b,4.0,4.0,,,4.0,50000.0,82818.0,60.37325106625937
972a9b86df0bcbda6390f1698aca0950,4.0,40.0,,,40.0,3500000.0,5797269.0,60.37325106625937
6002cd78e4ac894084a8137f1e36c1f3,2.0,54.0,,,54.0,,,60.37325106625937
2422180166a24b685c0ca686d95f6f12,13.0,,,,,2100000.0,3478362.0,60.37325106625937
246a7072626a000cb96bed1dabef3aea,14.0,,,,,,,60.37325106625937
e11d700185e3d4cd06aace8d7085c810,,,,,,100000.0,161317.0,61.98958593432169
cbca3133bb9d905b12f16d9e3bbd03bd,56.0,,,,,60000.0,96790.0,61.98958593432169
d7de18a76b911bb69f08d52607dfb075,,,,,,,,61.98958593432169
c7a249e72c01bcb58190a1d74dfa9323,9.0,,1404.0,345.0,1749.0,300000.0,483952.0,61.98958593432169
bad8357958ef95a3e92c4736fa46a5e1,,,1000.0,,1000.0,,,61.98958593432169
53d136a92dc7930fcf07c0122bbe5bd8,,,306.0,,306.0,4500.0,7259.0,61.98958593432169
fb4ab09c191d836029ba14e1a974a996,,,15000.0,,15000.0,,,61.98958593432169
53e8f9a69406fc49018e057189c2c0ac,5.0,37.0,6000.0,408.0,6445.0,1100000.0,1774492.0,61.98958593432169
2128d6d8b596c59cb279e4146a045504,,,4929.0,,4929.0,,,61.98958593432169
7262561d132bd40f5487bff673aef7af,10.0,,1000.0,,1000.0,700000.0,1129222.0,61.98958593432169
8eb02a5b2d1c1e0af7be18169514a99c,4.0,6.0,307.0,,313.0,170.0,274.0,61.98958593432169
f83339bba39a51472409921bbde2c131,,,,,,200000.0,322635.0,61.98958593432169
b4a5a49f4fa1c93ca88e854aca027499,,,200.0,42.0,242.0,,,61.98958593432169
7778c1f576a51eca021084e8ab7a89b4,10.0,,30000.0,,30000.0,16000000.0,25810787.0,61.98958593432169
af60fc622348345d51439f429d999096,,5.0,,240.0,245.0,,,61.98958593432169
a470d847828f436a339b2937c083564d,7.0,,,,,62500.0,100823.0,61.98958593432169
2764ce718cb40a21b0437b221b09cdaf,47.0,,5000000.0,,5000000.0,11000000.0,17744916.0,61.98958593432169
5e4bfc3f61be88ef19251d27e0d76180,52.0,,,,,18000000.0,29037135.0,61.98958593432169
cfb3095aabecd8576f30fb845fc3222f,6.0,,40000.0,,40000.0,8000000.0,12905394.0,61.98958593432169
c585a29a866ea732857c122a82eb48c6,,,189.0,,189.0,2100.0,3388.0,61.98958593432169
cc3df082ef5206af44c004ff8a9e339b,,,105.0,,105.0,1000.0,1613.0,61.98958593432169
4b88cc98ae82518230f91d85be2f1c7f,1.0,,,,,500000.0,806587.0,61.98958593432169
59ea825a1194707a70e7407face6172f,9.0,14.0,,,14.0,,,61.98958593432169
0eabc29261e5fdf2049682d9efbd41e3,3.0,,,,,,,61.98958593432169
691d1cd24ee466ba125b3edd587fc4f8,28.0,8.0,500.0,,508.0,200000.0,312048.0,64.09274025742687
dcb0a6fc21c0ab1f162e751e291f72f5,20.0,,,,,350000.0,546084.0,64.09274025742687
fc0edaaa7b18ad7adb2dd085267248f5,9.0,,150.0,,150.0,250000.0,390060.0,64.09274025742687
0236c7553030484c52b27000aae2c375,2.0,,11000.0,,11000.0,30000.0,46807.0,64.09274025742687
8e5af6e9db32f012fabf521daf49b037,,8.0,45.0,51.0,104.0,350000.0,546084.0,64.09274025742687
15a0e5299c44a440c32638c9a167fcbc,,,,,,5330.0,8316.0,64.09274025742687
0a7364897d5af528b503a365740bb993,5.0,,,,,2230000.0,3479333.0,64.09274025742687
53b9c09c715837e4e087a5a05fa5db59,,,,,,,,64.09274025742687
c4bf56f3223fdb811f61d0ddf0d9dbc7,,,,,,,,64.09274025742687
2207abd0e2b40a03295078dbea23ff22,1833.0,,500000.0,,500000.0,125000000.0,195029889.0,64.09274025742687
d0a737b9937595465c039bd4080dd166,,,120.0,81.0,201.0,,,64.09274025742687
cbf4f30da5a1eef0e050fe616994286f,10.0,,300000.0,,300000.0,16000000.0,24963826.0,64.09274025742687
be76161b49e7156b523e8a2f5e4f0c54,,,300.0,,300.0,,,64.09274025742687
53bd9a657e7aae52b45949e38bc7bc59,11.0,,3000.0,,3000.0,,,64.09274025742687
119ffe85f59c1a771908b8266be6a62b,4.0,,30000.0,,30000.0,14300000.0,22311419.0,64.09274025742687
c39f93ba75266783cbb35beb189abab6,,,600.0,,600.0,,,64.09274025742687
1f2ebcb787151e13498dad6b873d3990,10.0,,,,,,,64.09274025742687
67aa275921206de697c40dee5dfe042f,33.0,31.0,,,31.0,,,64.09274025742687
b71e5ceaa74478a42697b046ed419f63,3.0,,3600.0,,3600.0,245000.0,382259.0,64.09274025742687
f1d1fd838d7d51c5e7c22cb31a134ec8,5.0,,,1410.0,1410.0,100000.0,156024.0,64.09274025742687
59796251f79c37c8c70f44a373527b6c,4.0,,5000.0,,5000.0,357000.0,557005.0,64.09274025742687
6b3811396ebc251cd6ba3ff03b8087ab,10.0,42.0,,,42.0,1200000.0,1813776.0,66.16033056179792
42649e0a153ebf81f03ffe0157f27ec3,28.0,36.0,3600.0,,3636.0,600000.0,906888.0,66.16033056179792
6eaa319ec0800ba0e2967ed1adb604f7,12.0,160.0,465.0,,625.0,1600000.0,2418368.0,66.16033056179792
73b6fe362359dd80cb5b5abbb15a7c0c,1.0,,600.0,,600.0,259000.0,391473.0,66.16033056179792
f73a1bef9e6fbf90a23190dc659a0b05,7.0,,,,,12000.0,18138.0,66.16033056179792
2087e3c13564a30b25d4cbb971a235ed,,,200.0,,200.0,,,66.16033056179792
3d27b19d29516b23de5c26a1d0e8cc9f,,,1000.0,,1000.0,,,66.16033056179792
f9ec77ad5000b238dddec7dbc6420c23,,,2000.0,,2000.0,,,66.16033056179792
a7e13cc6d9cf46e2b50df89688f76455,1.0,,600.0,,600.0,450000.0,680166.0,66.16033056179792
d4e88f859caa7c4f9bf411ac2da05f6b,2.0,,2500.0,,2500.0,85000.0,128476.0,66.16033056179792
b20615e7cb820bb0ff1a18f5479a5f10,,,300.0,,300.0,,,66.16033056179792
add2955d86089b2a2447c2e14b82e1af,1.0,,400.0,,400.0,,,66.16033056179792
51a1544eb1446b4c87dc98cfde26d622,11.0,,65000.0,,65000.0,1000000.0,1511480.0,66.16033056179792
ccd0a85487149aa6727abe86d24ecfce,2.0,,2400.0,,2400.0,7000.0,10580.0,66.16033056179792
b4a3e30c4635d296949525fab62aa012,1.0,17.0,,150.0,167.0,16000.0,24184.0,66.16033056179792
de6db375a29af985762e9e81adaf6c5b,164.0,,,,,,,66.16033056179792
fd7faaaa0d786d6b906c5b3a80e234cd,,,,,,100000.0,151148.0,66.16033056179792
f62df667a88ef9dc59b514c25ebc326c,1.0,,600.0,,600.0,,,66.16033056179792
13f982e50f4435e7f70edfb0564f90f2,24.0,,,,,,,66.16033056179792
a88bbaa31f00bec391c51bb2398fe1a8,,,150.0,,150.0,15500.0,23428.0,66.16033056179792
3448ee7afe70827f63025fb41e1a4bdd,6.0,,140.0,,140.0,32860.0,49667.0,66.16033056179792
32e9ec1b01488719ea815339e40e82d8,14.0,10.0,1200.0,,1210.0,,,66.16033056179792
fb5a232b7f1a29316aee0bb91d67f9cc,,,100.0,,100.0,,,66.16033056179792
f61c7997cea9e160ee43f9ae7fbb13f3,4.0,1.0,,102.0,103.0,25000.0,37787.0,66.16033056179792
2742d01fbf18e6ee51098f4e318164e6,12.0,20.0,,,20.0,95000.0,143591.0,66.16033056179792
cfdaa3b89254b0703bc2523ef8d1da0e,2.0,,1500.0,,1500.0,,,66.16033056179792
09cbaf88f6c143f386a74c1b58e02a45,3.0,,,,,300000.0,453444.0,66.16033056179792
d0ffe9a7f18f2bf397c43ac188c2fd2f,,,,15.0,15.0,25000.0,37787.0,66.16033056179792
7b0e6309b5e93b341fd8dcdbdd8b8cbd,,10.0,3519.0,,3529.0,150000.0,226722.0,66.16033056179792
7383989cd00f6d1ec18eba543780dbb6,,,600.0,,600.0,90000.0,136033.0,66.16033056179792
101d4055d0c3e7e2bd1f06d82491d528,,,,,,,,66.16033056179792
debe41e41773eddf6930dd4bf8f9d044,,,,,,360000.0,544133.0,66.16033056179792
bd5acbff8b1de38fb56b7d822c912ca2,11.0,,,,,,,66.16033056179792
1f5d98a436d7e728f29af630d2405a63,10.0,,,,,,,66.16033056179792
8e2da789f3589996911e15cad385f7eb,12.0,,,300.0,300.0,150000.0,226722.0,66.16033056179792
df00352ea983842e8f14c91076c073ef,65.0,220.0,,,220.0,500000.0,734779.0,68.0476738315874
91ccbd26b813ee84d08b1a5d0d045c96,24.0,,,,,,,68.0476738315874
4008a2bb1ce0f7d0e3378f6051c96a63,20.0,,6600.0,,6600.0,130000.0,191043.0,68.0476738315874
6cac820861044e1c32a6aeb23001f47e,2.0,,,,,,,68.0476738315874
fb263dcc7ef3ef46317c5f4fb770df6e,16.0,,,,,140000.0,205738.0,68.0476738315874
5d85facf84feb89e3e2aba6bf611a44a,20.0,20.0,,,20.0,600000.0,881735.0,68.0476738315874
5b5e54b26d239e94b53e53f649d087ce,10.0,80.0,,200.0,280.0,,,68.0476738315874
cee29cf0a7f09416a058ebdeed8ac89d,,,500.0,,500.0,,,68.0476738315874
b0d8cb204a10af50f66a00ed43807085,8.0,,100.0,,100.0,,,68.0476738315874
b3074efb5023267f6952e5aecec4b8c6,8.0,,5000.0,,5000.0,,,68.0476738315874
010d7b76b69ebcfedd3d7bd845872f73,4.0,,120.0,,120.0,,,68.0476738315874
96781c9aa0fa886c7911fdfb065e1655,10.0,,750.0,,750.0,28000.0,41148.0,68.0476738315874
e3623bca0e7d39b33714f75d40e41259,,,,768.0,768.0,,,68.0476738315874
a356f2ea4762a926a7262dbff645f1b5,7.0,,,,,,,68.0476738315874
def7ab912fefada57dba7faaf63724db,26.0,40.0,2800.0,,2840.0,700000.0,1028691.0,68.0476738315874
59d0559f78d93043b54ac9d0a9cfa75f,8.0,64.0,640000.0,,640064.0,2500000.0,3673895.0,68.0476738315874
37b4afb760fcfb1f53b9f854ca39b199,,,10000.0,159.0,10159.0,315000.0,462911.0,68.0476738315874
f7e8dec458bf334683ea4b1eb494e455,17.0,28.0,1100.0,,1128.0,1000000.0,1469558.0,68.0476738315874
eebacf367e99ca236c60bd405893f6c7,4.0,,,,,,,68.0476738315874
121195ddc4443ea46ab03ba01c381d68,22.0,,,,,,,68.0476738315874
d54c9611f4e90c34bd73d16667c02379,24.0,2.0,,,2.0,500000.0,734779.0,68.0476738315874
5dbc95d81649d22180112622de7231ab,12.0,40.0,,,40.0,350000.0,514345.0,68.0476738315874
ab5e04758c920f0c5d3375d47f9787a0,23.0,,,,,2000000.0,2939116.0,68.0476738315874
513dc1ee3f1746d920e7d4f0fe4a1388,4.0,27.0,,,27.0,300000.0,440867.0,68.0476738315874
3a0fa6bee4872a9f25931031c77f7363,5.0,,,,,300000.0,440867.0,68.0476738315874
2a98ef885c35065ef134dcb99b402221,,,,,,300000.0,440867.0,68.0476738315874
54c82978bf99035807bad015e6686afb,2.0,,1500.0,,1500.0,,,70.66008903450533
5a6b032099bec89c31d33db0daa39c82,59.0,150.0,,,150.0,1300000.0,1839794.0,70.66008903450533
02be3974bfd22336888c6c0523338e0e,,3.0,2100.0,,2103.0,,,70.66008903450533
717b65aa303291e2e6c2389a15276114,2.0,27.0,150.0,,177.0,450000.0,636852.0,70.66008903450533
7da9b938aa0cdffb77e889404987aa6f,18.0,,1000.0,,1000.0,2000.0,2830.0,70.66008903450533
9aae745829c148025fd5726a212c120e,,,400.0,,400.0,,,70.66008903450533
c78cfa8db331d1b63a89a61cfd9090d0,22.0,150.0,,,150.0,700000.0,990658.0,70.66008903450533
c234e4082fcc2c7f07d8a8692d123520,7.0,70.0,,,70.0,1600000.0,2264362.0,70.66008903450533
96b130cfff5bb3b68befd255a99240d4,1.0,,,300.0,300.0,102000.0,144353.0,70.66008903450533
1958f16b862391ef4685244d77aca7f9,,,2000.0,,2000.0,,,70.66008903450533
de098fa2fc158fc21bbe61cc1ffcd1ce,,,,,,1200000.0,1698271.0,70.66008903450533
5338a235135878436375a757caec7cef,12.0,,400.0,,400.0,180000.0,254741.0,70.66008903450533
1cd57e48149b40940dadc2f1009c9e07,43.0,,2100000.0,,2100000.0,7000000.0,9906582.0,70.66008903450533
de376fdcd4a2ec4c1eced63fb3307264,7.0,,,,,160000.0,226436.0,70.66008903450533
9b79637463663f5136488f42d60b429d,82.0,,200000.0,,200000.0,30000000.0,42456782.0,70.66008903450533
962410770d00a1eacaecdf1a7fdc4075,,20.0,55000.0,,55020.0,2000000.0,2830452.0,70.66008903450533
149e617fa030e127144ce40f4c2493a5,,,,,,,,70.66008903450533
9f104e2e852cfbc4e887402ca3951ec5,4.0,,,,,600000.0,849136.0,70.66008903450533
0f8bba7ba05915c3416a2145c3d633fd,12.0,,,,,1000000.0,1415226.0,70.66008903450533
a841b8432160d3c6d7c12a3a43a4acb0,3.0,,,,,1100000.0,1556749.0,70.66008903450533
a5c3f0f6abf63b502e2618b0a12a37dd,24.0,148.0,11000000.0,,11000148.0,10000000.0,14152261.0,70.66008903450533
d48d4a931d202b5677b2d5d23c870961,,,30000.0,,30000.0,,,70.66008903450533
8da7932d6cdb5b4000718db607bad3a6,,200.0,,,200.0,110000.0,155675.0,70.66008903450533
7f8ef90a7222563fa08e6bdbeb2cfd52,5.0,,,,,360000.0,509481.0,70.66008903450533
fe8abc41cfe9cb4ada94f6b62c3e422b,58.0,,,,,1100000.0,1562303.0,70.40886175693409
c5a4bca02c92592fc0c02d074c937d17,2.0,60.0,5000.0,,5060.0,166000.0,235766.0,70.40886175693409
0762f4addf3b5b4627d4f1c1426d48db,9.0,72.0,750.0,,822.0,1700000.0,2414469.0,70.40886175693409
7e6d54461d7fd7cd60f5a4386c30eeed,,29.0,,234.0,263.0,100000.0,142028.0,70.40886175693409
785d26663e6f3677905be252c4dc5390,,,,900.0,900.0,,,70.40886175693409
98a0b595f87835e888a214c98e841091,,,200.0,,200.0,,,70.40886175693409
5e763eacd92e29effdc51d2a2ea03d53,,,1000.0,,1000.0,,,70.40886175693409
735f71b8f457fe01ad1bb62a3f09b77b,6.0,,,,,240000.0,340866.0,70.40886175693409
edf3428d95b1d90d43a3b8552ba14fae,16.0,50.0,,,50.0,2500000.0,3550689.0,70.40886175693409
5f680a4f6b9a795f4c810417cefbebfd,,3.0,,,3.0,,,70.40886175693409
3fcccbd417160ebb6f538e92ab1cc679,3.0,9.0,,,9.0,,,70.40886175693409
caabe23780e8300c630320c28da45aab,2.0,,,192.0,192.0,,,70.40886175693409
549c711471baf3147c39c4bff158a967,9.0,,3000.0,,3000.0,500000.0,710138.0,70.40886175693409
380648fd208c4a48e515ed679bac1904,6.0,,,,,600000.0,852165.0,70.40886175693409
d2b00f2940c8b1ac6962d06cf3d3ee80,19.0,,,,,,,70.40886175693409
a77a85725019517e71a28a14213cb4ae,1.0,2.0,,,2.0,2000000.0,2840552.0,70.40886175693409
3b5400f6e958507b83d79bc89651550e,1.0,,,,,1000000.0,1420276.0,70.40886175693409
eaaa270e63d0e2436ad2c0c5c2660066,7.0,,,,,850000.0,1207234.0,70.40886175693409
39821bb2bbdc0cfb0c2ea7b323818ddc,2.0,,,,,500000.0,710138.0,70.40886175693409
9b1a3dab2671ee21d6dae6b2e9950072,6.0,25.0,,,25.0,1500000.0,2130414.0,70.40886175693409
94b461b5ed53fe5587e0f72211a474b4,,30.0,600.0,,630.0,12500.0,17467.0,71.56359557518887
b3a03a19c862082c01cf17115e3fbe79,2.0,,,,,2000000.0,2794717.0,71.56359557518887
30f9eb9e2c2d24dcd239b10ae907cd49,1.0,,,,,500000.0,698679.0,71.56359557518887
eaad3bafb2789829e27ce513a7ad929e,,,,,,,,71.56359557518887
841b84d0670be45a234c791d290e0ec1,12.0,70.0,2700.0,,2770.0,,,71.56359557518887
047376e7a14fcf43f630f45bf9cab986,30.0,,8000.0,,8000.0,2350000.0,3283793.0,71.56359557518887
dbd261874f49c30c05de4480ef477436,5.0,58.0,,,58.0,2700000.0,3772868.0,71.56359557518887
af75a660dd904332382f73c952cea9c6,20.0,,,,,,,71.56359557518887
5dbcd2ccfc266616bd3661d5e3daabae,1.0,,,,,100000.0,139736.0,71.56359557518887
f93108e095c1b9931698ed65539c0527,8.0,,,,,,,71.56359557518887
2f6bf83a1b55a5f7551e4bd0851a1055,11.0,,,,,1500000.0,2096038.0,71.56359557518887
e66d2434ed3c418a2f85aeea1b6b9b37,,,1000.0,,1000.0,,,71.56359557518887
268854540539ff92eef5fbd58d919baa,,,,,,,,71.56359557518887
f33187677f4786add38d7dfe3a1be946,,,,,,,,71.56359557518887
81a3b07afd8e18f065ad7163bae18aea,8.0,13.0,,,13.0,,,71.56359557518887
e949e89534572b4b85555cd2393d74e7,20.0,100.0,,,100.0,,,71.56359557518887
04699ec4db7565b34fe59300cce4dc4c,20.0,,,,,,,71.56359557518887
0d685e3e0037d81314e2f33ab25df01d,39.0,,,,,1900000.0,2573732.0,73.82275085973603
aea0f6042759963dbf9392eb271e98aa,5.0,,2000.0,,2000.0,800000.0,1083677.0,73.82275085973603
d37c20556a659c997057a38658f88e4a,46.0,43.0,,,43.0,2000000.0,2709192.0,73.82275085973603
f014aae1d42ab46c6021e25e2c7654a6,2.0,5.0,,1300.0,1305.0,183000.0,247891.0,73.82275085973603
76a1974b95ca4a4fa10c417159f253ec,354.0,2200.0,,15000.0,17200.0,11000000.0,14900556.0,73.82275085973603
a4da5c9663ee3cbf24af4096e523fed7,1.0,,25000.0,,25000.0,,,73.82275085973603
edf9aa7139b0682f793113920412d311,176.0,1150.0,,,1150.0,14000000.0,18964343.0,73.82275085973603
16afdac2a509f1a54c222ca8ce412f84,11.0,,,,,,,73.82275085973603
07174c765b7c698cde24e904b6e15103,3.0,200.0,,,200.0,,,73.82275085973603
b0cd446e14c2b82a2df1d43ea4fb52d4,22.0,,,,,,,73.82275085973603
60dc6330b384a27a7f45fc02169a3e4b,1.0,20.0,,,20.0,,,73.82275085973603
900baf3c9fd2019527153d8871a6ba9b,1.0,,,,,,,73.82275085973603
b61f2a1e1bee4a92e82f151ea3528871,46.0,,370000.0,,370000.0,7300000.0,9888551.0,73.82275085973603
16c0ed1545c375a9d14415a5dec168c8,4.0,,,4800.0,4800.0,1000000.0,1354596.0,73.82275085973603
0235c085499ec7bf8e2b625bc9ba2228,2.0,,100.0,,100.0,,,73.82275085973603
f88695899d63c5d16652cadfbada127a,29.0,,,,,3000000.0,4063788.0,73.82275085973603
d0929e43ad73a0c93bba62a45d6fce91,15.0,,600.0,,600.0,750000.0,1015947.0,73.82275085973603
072f1b7c216f9494c1d2327c86a86471,6.0,,,,,,,73.82275085973603
74a4a56158e8d11ed06ca240e6c65300,11.0,,,,,,,73.82275085973603
18fb40946488ad6c258cf66018f3d3a8,10.0,,,,,,,73.82275085973603
c0a5e0906980ddf846e5c5f7588f63a1,9.0,,,,,3500000.0,4741086.0,73.82275085973603
2f4b0439020742cf0d867fd65f5144bd,9.0,,,,,4600000.0,6231141.0,73.82275085973603
67168ef6d2cb4f454a27db1f49dd164b,7.0,,,,,,,73.82275085973603
61dca09a0474c4ef2d8ce7569fd5a695,1.0,,,7000.0,7000.0,1500000.0,2031894.0,73.82275085973603
d90eeda261d198bda29c620ee920e411,2.0,,,,,200000.0,270919.0,73.82275085973603
f2deb6896dbd0891b50a5bdf641543e8,5.0,,,11000.0,11000.0,2000000.0,2709192.0,73.82275085973603
9cf79cb867ddc1b746ca3d5a8041ae76,,,,,,8000000.0,10836768.0,73.82275085973603
9329d05b15c8416168902d065f9459a6,2.0,100.0,,,100.0,175000.0,232248.0,75.35038570469574
a4109711ab602392b72da56cb83a994f,14.0,200.0,,,200.0,500000.0,663567.0,75.35038570469574
bb67908bc727c4cbd5e54d6aa3786160,41.0,400.0,,,400.0,5000000.0,6635666.0,75.35038570469574
170daca94cfbe6b110cb21c299b07c3c,,,1500.0,,1500.0,34000.0,45123.0,75.35038570469574
270272101811d5934ffe106ed3c4da27,,,3300.0,,3300.0,1550000.0,2057056.0,75.35038570469574
511887b00ab316512bd49ca15cea22d9,6.0,30.0,,267.0,297.0,1800000.0,2388840.0,75.35038570469574
d9e7757af50f212e9df58cd7025505a3,9.0,1.0,17000.0,,17001.0,210000.0,278698.0,75.35038570469574
8327ddf02080975f2b9d482404aebfdb,2.0,,300.0,,300.0,174000.0,230921.0,75.35038570469574
6c3f739c572a25bdbf2069f250c1f74b,123.0,,,,,,,75.35038570469574
2124ab8281a730644f634b2b53665d53,2.0,,,1038.0,1038.0,600000.0,796280.0,75.35038570469574
8f7557d27c911610130d35dd44ddba6c,1.0,,,,,,,75.35038570469574
4207a95d359d253152bda12de71b29cf,1.0,,60000.0,,60000.0,2000000.0,2654266.0,75.35038570469574
893f5687e035e17749f8924d884d51fe,54.0,,,,,50000000.0,66356661.0,75.35038570469574
c0a97b8837a6f2d8dffa1792af44731a,7.0,,,,,2000.0,2654.0,75.35038570469574
e947d02bb689a289228a0c7cb752cccd,,,,,,,,75.35038570469574
d2bfdf79df1907c2662f1d7e9c193809,17.0,,,,,100000.0,132713.0,75.35038570469574
0e19bcd448397a58fb3e9b5f052c138d,28.0,,,,,4000000.0,5308533.0,75.35038570469574
50061edefafa01c43e9cc984fa88c632,1.0,,1809.0,,1809.0,200000.0,265427.0,75.35038570469574
778231b184dbf375d29c35b7077bf240,1.0,100.0,,,100.0,4500000.0,5972099.0,75.35038570469574
7d76c2f3069c5d19998a80e3b8eb1349,3.0,1.0,,,1.0,100000.0,132713.0,75.35038570469574
fb5058ba5ad5ae9daeb46bec299da1ca,,,,,,3400000.0,4512253.0,75.35038570469574
ac3e5420ae2a49048cdcb0ac958ba094,,2.0,,,2.0,1400000.0,1857987.0,75.35038570469574
517f909af4ac3ed4ddb3c269fb0da3e5,,3.0,9000.0,,9003.0,1900000.0,2521553.0,75.35038570469574
5fc9bf275de795492a33544dc7e37a4f,1.0,,,,,700000.0,928993.0,75.35038570469574
88f7a0c9393d5c7ac962ceab3d7fbedc,5.0,,,,,210000.0,278698.0,75.35038570469574
bc9d44d667275a5db13888a3cd195d4f,,,,,,1050000.0,1393490.0,75.35038570469574
2616f219302a8015dc4fae5eeef26d70,,,,,,,,75.35038570469574
bc1c43b7cabab1e717ba082a3eeed1cb,,,,,,20000000.0,26542664.0,75.35038570469574
b3b90f12f647ce60bd3f896f31115244,3.0,18.0,1089.0,,1107.0,300000.0,392392.0,76.45414598516298
3cb21d8740f743b11f5c75ea268703ac,15.0,,,,,100000.0,130797.0,76.45414598516298
6fb5b0320b2429dfe75611f3046ef031,1.0,82.0,4800.0,,4882.0,100000.0,130797.0,76.45414598516298
efc51e7badfe2eb492e6d1d6fb23b861,4.0,,,,,1600000.0,2092758.0,76.45414598516298
e77b7f0d08ad0e3c0abbda9bbe50a4ee,3.0,,,,,1100000.0,1438771.0,76.45414598516298
b79442bdfe58a2bc87fe867eddac49a5,29.0,450.0,,,450.0,3100000.0,4054718.0,76.45414598516298
684be4d285eef07011fdfc13df9ba3f7,6.0,100.0,,600.0,700.0,300000.0,392392.0,76.45414598516298
2ecf55a80bc5339b3a4eb66ac74edd6f,27.0,150.0,170000.0,,170150.0,2100000.0,2746744.0,76.45414598516298
90007a2888e7407aa88e4aac1721ca17,4.0,,100000.0,,100000.0,5700000.0,7455449.0,76.45414598516298
a6f05d834baff195028fadcc53bfd333,,8.0,12.0,90.0,110.0,21400.0,27991.0,76.45414598516298
17c2bdfa74dae559507802997fe3a8e7,2.0,,84.0,1533.0,1617.0,500000.0,653987.0,76.45414598516298
44a018c2bfd8f6fbbed29cc8ab13ae39,4.0,,,,,900000.0,1177176.0,76.45414598516298
36d234c5ae2f5e04e86cba7bbd50fc19,19.0,,,387.0,387.0,2000.0,2616.0,76.45414598516298
97100c88389ab47537d30284df028994,2.0,,1425.0,,1425.0,25000.0,32699.0,76.45414598516298
f68b8795e4e5ea23cbfecad3d28132a4,3.0,,6000.0,,6000.0,25000.0,32699.0,76.45414598516298
c7fcf25f333eaba05ee99d602fd69402,3.0,,300.0,,300.0,2000.0,2616.0,76.45414598516298
cb1a7c73e398471b6f8820f14e183fc6,5.0,,300.0,,300.0,325000.0,425091.0,76.45414598516298
4c8b2190973931fb2c34c3ee531e75b5,,3.0,,33.0,36.0,175000.0,228895.0,76.45414598516298
0bbb50b1a2179aa5edb1178dd6f05074,,,,,,300000.0,392392.0,76.45414598516298
ce1d217199cd5ae515758a9e4c07e581,9.0,,16500.0,5400.0,21900.0,1900000.0,2485150.0,76.45414598516298
54a7bda90766f22f96e597190a53b2e1,1.0,6.0,15.0,204.0,225.0,10000.0,13080.0,76.45414598516298
9f63a7525fd8d2fdc7cb9aef54feafa2,11.0,185.0,,,185.0,1300000.0,1700366.0,76.45414598516298
5c90eec60636ed5f497bf0e02f84c766,14.0,,,,,2000.0,2616.0,76.45414598516298
0edf28661736743c8a1e8a58c8afb520,4.0,,4800.0,,4800.0,,,76.45414598516298
2cba8d11f304faa322101b11c25afe60,10.0,,,,,200000.0,261595.0,76.45414598516298
a3af53993a750938a47be7c6775efc51,19.0,,,,,200000.0,261595.0,76.45414598516298
ece905efa688f41a260399863732aefd,2.0,,,,,2200000.0,2877542.0,76.45414598516298
418834fbf4a5b767a9fab4b81927ef71,20.0,,,,,100000.0,130797.0,76.45414598516298
c35ced69ed8595b12ff407796db43e09,5.0,,,,,,,76.45414598516298
0486319196180b1adeb39d6898554251,1.0,,,,,1100000.0,1438771.0,76.45414598516298
fd8c0b4a3e92c59303547ebccc594af3,,,,,,1410000.0,1844243.0,76.45414598516298
6ac46e5ebdbabfcdb9e116c7e790b70c,,,,,,,,77.69440613455986
1ff4bec4d8e662b52b6336a4dd892c9e,21.0,,,,,2500000.0,3217735.0,77.69440613455986
b49bea4d135475df6270ebeb37455580,9.0,,,,,250000.0,321773.0,77.69440613455986
dc45cd128b2a16f576286ffe7c92c9bb,16.0,,,,,210000.0,270290.0,77.69440613455986
4f14cdfbe90b8f1c37e6086bd1e6dc9f,13.0,,,,,250000.0,321773.0,77.69440613455986
c21540149c8de93a02a26fe19588b313,25.0,,,,,750000.0,965320.0,77.69440613455986
27bf83a32478721a94b1c300b077183e,43.0,,,150.0,150.0,20000.0,25742.0,77.69440613455986
6f33fba30cc0fb5afdc5cc8af8ef4a69,12.0,,,,,2000.0,2574.0,77.69440613455986
1924274af92777d57ec71f19cb83a551,40.0,15.0,,,15.0,2000000.0,2574188.0,77.69440613455986
433d35dbd6f7401e04280d5ceed1b640,2.0,,429.0,,429.0,100000.0,128709.0,77.69440613455986
60a033e91b34ab6387ccc57748b99537,,,,,,3900000.0,5019666.0,77.69440613455986
f8b81c4a26389c29518deecc316a69f9,,,300.0,,300.0,270000.0,347515.0,77.69440613455986
b2ce4840f065088992f1db623e92aed0,1.0,,834.0,,834.0,66000.0,84948.0,77.69440613455986
4c76000edf627d0561b10f93dc539662,2.0,,102000.0,,102000.0,1600000.0,2059350.0,77.69440613455986
4138b201f852c97feaa20ebc35074e8e,1.0,250.0,3000.0,,3250.0,700000.0,900966.0,77.69440613455986
0216e613baaee59db391273a4fff4a2c,,4.0,6900.0,,6904.0,129000.0,166035.0,77.69440613455986
f9e89f76d74b67eefbdba5771e08d77e,2.0,,,,,170000.0,218806.0,77.69440613455986
c94c8f3b622748555653e5b38660286b,13.0,,,,,100000.0,128709.0,77.69440613455986
af2ffc432c6ccc2e37e6646a6a8ba31a,3.0,,,30.0,30.0,,,77.69440613455986
74c41534b171fb1d7ff2f636fafaa25a,,,40.0,,40.0,90000.0,115838.0,77.69440613455986
f8fc3d57f44f5f21688f27e60a91ff2e,2.0,36.0,,,36.0,1600000.0,2059350.0,77.69440613455986
7739a6d5d3c1e22155c2e2a77cb07701,,,,,,2200000.0,2831607.0,77.69440613455986
e1dc7bb757936d86470b2c86405224a4,15.0,,,,,100000.0,128557.0,77.78656765992335
14b6fe550d378d81746ce1a26fa8f061,2.0,,,,,80000.0,102846.0,77.78656765992335
98a2413628738f1aaa1359539a568b9a,10.0,,,,,100000.0,128557.0,77.78656765992335
83ecc35e8b392c5ec4b0b38d832ff7a1,22.0,,,,,150000.0,192835.0,77.78656765992335
42ee844e55520cd7a69fa4cbe73f8546,30.0,,,,,3000000.0,3856707.0,77.78656765992335
82fb25127b0cc69b0c943597ac190596,13.0,,,,,170000.0,218547.0,77.78656765992335
d8465188b55bd580d537ba772fd3ef82,1.0,12.0,3300.0,,3312.0,500000.0,642784.0,77.78656765992335
c1cdc7cdac590cdc7b65629b79a7b04d,3.0,12.0,,,12.0,1400000.0,1799797.0,77.78656765992335
475a11bd3d3a0d2992559fbb37083de9,4.0,12.0,,,12.0,950000.0,1221291.0,77.78656765992335
6e545f75199ed7f3e1b77fcd5d9c248d,6.0,,,,,1000000.0,1285569.0,77.78656765992335
9f11493b179ca834736b913e1eb94363,1.0,40.0,,,40.0,160000.0,205691.0,77.78656765992335
4efc61fbca5179613750fa8caf57994d,16.0,,12000.0,,12000.0,,,77.78656765992335
57b620e28553772285cdc485504288cf,4.0,,,,,1400000.0,1799797.0,77.78656765992335
2fffe87a4260ee3c850942e107dae5bf,32.0,,12000.0,,12000.0,2700000.0,3471036.0,77.78656765992335
b28b5316ece25d11a6ad0c1ff5f4b23b,,,,,,650000.0,835620.0,77.78656765992335
0b6d47a84baddb61dc32dc9525d8029f,,,13000.0,36.0,13036.0,,,77.78656765992335
8dda9a46d2d17e271ae9c9388f088c78,1.0,,,129.0,129.0,2000.0,2571.0,77.78656765992335
61e06c34f55aae4d3475f5c5f2985e21,4.0,,,,,700000.0,899898.0,77.78656765992335
d8de001bcaade4e0cbf51401db0c2812,,,600.0,,600.0,100000.0,128557.0,77.78656765992335
e740ae8ab0030e865a2ce76ce71b894b,4.0,40.0,,,40.0,950000.0,1221291.0,77.78656765992335
c592e3669c174e02ffb7e5daa510233b,4.0,8.0,600.0,3900.0,4508.0,150000.0,192835.0,77.78656765992335
291538bc335d2f522603e8a6d9c2a056,4.0,,,7302.0,7302.0,1400000.0,1799797.0,77.78656765992335
2e9de337d05556b13e2f76eddd5f3228,19.0,,,,,2000.0,2571.0,77.78656765992335
4d2b5da126a94a0e640736e65c2e2423,25.0,,800.0,,800.0,2000000.0,2571138.0,77.78656765992335
9ba25b07fef19c89333d0a6617342d20,6.0,,,,,270000.0,347104.0,77.78656765992335
df3630cb5ab8488bce13bce2ecb439b4,18.0,,300.0,,300.0,140000.0,179980.0,77.78656765992335
0230c7c34fff82f6bddeeacc0f229f89,50.0,60.0,,,60.0,2000000.0,2571138.0,77.78656765992335
b144a0dabd0a26e65509a0c992552b3e,31.0,50.0,4000.0,,4050.0,600000.0,771341.0,77.78656765992335
356ae48cdc6033c05b85ac981ae46611,3.0,,,1425.0,1425.0,400000.0,514228.0,77.78656765992335
eb676f9c15c0fad26f666543c2efb9e4,,,,,,4500000.0,5785060.0,77.78656765992335
25fd72534368b3ba7457f54364ed5908,50.0,12.0,85000000.0,,85000012.0,550000.0,698254.0,78.76792299752094
b808220f16a0a699c35e6b7a775f6e58,,,,,,125000.0,158694.0,78.76792299752094
19a726817dc1e6d583ad8453d61bcc2f,10.0,12.0,,,12.0,1200000.0,1523463.0,78.76792299752094
aae82698ac2cbb2f3901417ac3f6d921,7.0,,,,,1600000.0,2031284.0,78.76792299752094
2fc71fc5f6e7c98f58de9593a31ae76b,1.0,,,,,1200000.0,1523463.0,78.76792299752094
29b530350dd38c589d966858eb85202f,,,300.0,,300.0,2300000.0,2919970.0,78.76792299752094
0e85852e4d3ed9b5ebb89124eb682bc2,1.0,,3000.0,,3000.0,3900000.0,4951254.0,78.76792299752094
6fd952fdfaaa50035a79fdaad116bc18,9.0,,21000.0,,21000.0,2000000.0,2539105.0,78.76792299752094
b55a7505cdc9afb5bcf09bdddc340590,6.0,,,,,2400000.0,3046926.0,78.76792299752094
13eb40861d1eca800b09f79864ac84ea,2.0,10.0,,,10.0,1700000.0,2158239.0,78.76792299752094
a12946d410a223f4941b7107b3107604,11.0,,,,,,,78.76792299752094
42c8ab3598e96674da52b38b5e5a7f16,,,88000.0,,88000.0,4000000.0,5078209.0,78.76792299752094
540fd5061d78444eb905a0e47e322fd4,9.0,12.0,,,12.0,1100000.0,1396508.0,78.76792299752094
5dcab1e11887b961437c84133ef1d0e8,15.0,,,,,300000.0,380866.0,78.76792299752094
d2a65d3e22caebb3b41ffb97ba58dc09,25.0,,2000.0,,2000.0,1000000.0,1269552.0,78.76792299752094
742c7e791b25790c5ea8845a72d38739,,,36.0,855.0,891.0,150000.0,190433.0,78.76792299752094
79ce18ed318c2537eea43f53bb76ae4c,,,300.0,,300.0,,,78.76792299752094
925c16a7fbc32c5f445e7332643a9581,2.0,,420.0,,420.0,50000.0,63478.0,78.76792299752094
a644825b478d1989e5c80a1c3e3fc40e,13.0,,70000.0,,70000.0,10000000.0,12695523.0,78.76792299752094
57f9b6a5d04ea523672781f47077051f,,,,567.0,567.0,100000.0,126955.0,78.76792299752094
f983c08a6a3be1caadca3477b4e8baeb,3.0,,13500.0,570.0,14070.0,600000.0,761731.0,78.76792299752094
7f57728f91da259792880e6549b96c8a,1.0,,,,,550000.0,698254.0,78.76792299752094
13873dc5df87944447473d6372baf43d,49.0,,,,,10000000.0,12695523.0,78.76792299752094
6301bb113ae431f5caced8eb00507680,14.0,191.0,,6383.0,6574.0,1200000.0,1523463.0,78.76792299752094
a2229c963c674d7f5ec97384fd951f14,8.0,33.0,,,33.0,275000.0,349127.0,78.76792299752094
672d9207926ad3ce52a32f4d5fe573b9,,,120.0,,120.0,20000.0,25391.0,78.76792299752094
2e74f5d583efcd93e4f7f2a7643c3be2,22.0,,,,,100000.0,126955.0,78.76792299752094
7085dfd45915391ccf86586862f8a69a,6.0,19.0,,,19.0,,,78.76792299752094
e06e04bb222ccdc55aca860689a2e860,5.0,,,,,2300000.0,2919970.0,78.76792299752094
ef7d90d8e476c3dcb7e82823c0fa4f0d,24.0,200.0,,,200.0,1100000.0,1367381.0,80.44577926194549
dc2674fc8a73882a8f3bb2d4c1a27d6e,3.0,,,,,400000.0,497229.0,80.44577926194549
be163e749744e3d857c18c33071e29d0,,,300.0,,300.0,,,80.44577926194549
bd614c758a99485511c162f2395c920a,5.0,,200000.0,,200000.0,1500000.0,1864610.0,80.44577926194549
b311bbef7bd6e4d1e9135b5d0cbd8f23,4.0,12.0,600.0,,612.0,1900000.0,2361839.0,80.44577926194549
6e21ac2d03806ef42e57ba151076b423,11.0,12.0,,,12.0,1000000.0,1243073.0,80.44577926194549
027d94c81aef10eba7cb57e9e94ba8ba,2.0,,16113.0,,16113.0,200000.0,248615.0,80.44577926194549
780221095d38683df151ddb5bdb452c2,20.0,70.0,,,70.0,1700000.0,2113225.0,80.44577926194549
5ce16fc5b6a70dbb7bf3e0479173acb7,,,,,,3100000.0,3853527.0,80.44577926194549
cac713df7984523d4e74ce684c48c5e2,2.0,16.0,90.0,,106.0,1400000.0,1740303.0,80.44577926194549
cb9c6f09289246fcf519055a0d93d0bf,,,9.0,147.0,156.0,,,80.44577926194549
6f3d225e0767cf89a21586736d0763ee,,2.0,,,2.0,2000000.0,2486147.0,80.44577926194549
438bf8d9bbd1e703b7aeb632a9c8c9ff,,,43441.0,,43441.0,,,80.44577926194549
eb0d5daef0a22fa81aa4b0ba020b4119,10.0,,,,,,,80.44577926194549
7bfe484eebaa682c1bde9e2a2b6cd869,,30.0,600.0,,630.0,200000.0,248615.0,80.44577926194549
5caa65f0254ebb50989cbce2b5e31026,88.0,24.0,555000.0,27000.0,582024.0,95000000.0,118091963.0,80.44577926194549
2b100119214110fc01d511ab2e741315,97.0,,,70000.0,70000.0,57000000.0,70855178.0,80.44577926194549
6ce1e2a38bb8c4dfe24fd685bf3d053d,4.0,,,,,,,80.44577926194549
f73e84c33b301a291251a22e0056bcd8,,,60.0,,60.0,250000.0,310768.0,80.44577926194549
28c91048ff0d96cf179c58f87af414ef,43.0,185.0,,9000.0,9185.0,13000000.0,16159953.0,80.44577926194549
051f0c3b71a40da2c2212ec06f1a194d,,,3000.0,,3000.0,,,80.44577926194549
183ccd4ef4927dbb03d21a3195e44001,2.0,2.0,,2961.0,2963.0,2200000.0,2734761.0,80.44577926194549
0dc50107edeb39853e5cb93bd108fd0f,,8.0,120.0,12.0,140.0,260000.0,323199.0,80.44577926194549
ac9f2ca42dbb00c63062c2b843ed94ca,22.0,,,,,1100000.0,1367381.0,80.44577926194549
de9a9f930b7b2e1d82b8e10ea9635dbc,2.0,15.0,600.0,,615.0,2200000.0,2734761.0,80.44577926194549
43ade195e407a0f5d4b4f612f5ed9d53,1.0,,,,,2700000.0,3356298.0,80.44577926194549
1196bbeedff6d48402a209b33e38b806,,,,,,2500000.0,3107683.0,80.44577926194549
bff9ba5090604c29149a05983c1ea4cb,21.0,28.0,1338.0,,1366.0,900000.0,1092092.0,82.41066796103514
10ecffa04ec939559b3a81931f554f9d,22.0,,,,,1000000.0,1213435.0,82.41066796103514
9944487494f2a8e797a5e804118ef286,10.0,,,,,50000.0,60672.0,82.41066796103514
2d3de2de8e78f603c5815b8c61fc8152,9.0,,,,,2300000.0,2790901.0,82.41066796103514
6ef3ed89b6bb50214118543e7651b74f,3.0,,,,,1300000.0,1577466.0,82.41066796103514
38c34d088f3dc140bc5e92d67310bbcf,,,1596.0,,1596.0,125000.0,151679.0,82.41066796103514
bac1e7da3aa5462d775a96f640e680b3,,,2500.0,,2500.0,500000.0,606718.0,82.41066796103514
87c6a2714c70474dfc18dfea088ac6be,,,4000.0,,4000.0,,,82.41066796103514
a0a80ecb5a98596b61feb06cca6cf98a,5.0,,,,,125000.0,151679.0,82.41066796103514
77b74f825cb8b180b01880e037ccfefd,70.0,,,,,,,82.41066796103514
d27ab4ca32a287b3807306a4cf02d4e5,5.0,,75.0,,75.0,1450000.0,1759481.0,82.41066796103514
731ac94bb447b59fbda419e808f8c384,14.0,,,3237.0,3237.0,1000000.0,1213435.0,82.41066796103514
5df94dd394855d226440a868ef2f41df,,,,,,1500000.0,1820153.0,82.41066796103514
5cfa17e63522d94c70e4f4d016086502,,,3000.0,,3000.0,,,82.41066796103514
983626bdb310746ff4c9e27b6fdb72c5,2.0,,,,,250000.0,303359.0,82.41066796103514
075b6e189397b5f655cb04b245e51665,53.0,,1500000.0,,1500000.0,14000000.0,16988092.0,82.41066796103514
7f2eddfd434919f34261bb4377bb5dd4,,18.0,,,18.0,1000000.0,1213435.0,82.41066796103514
272ef96eb13f0d0e1aa1e5df16990de7,,30.0,900.0,,930.0,325000.0,394366.0,82.41066796103514
cba97325a0312677b92c0d5f7786b48b,49.0,,5000.0,,5000.0,16000000.0,19414962.0,82.41066796103514
2a703ac72d5ab95a79ef7bc4a7038150,88.0,,250000.0,,250000.0,16500000.0,20021680.0,82.41066796103514
eec45ee6df9227c27762b33944596e91,5.0,,,,,400000.0,485374.0,82.41066796103514
3a702141d24af0ebbd418bddc93f0ad4,2.0,,,,,150000.0,182015.0,82.41066796103514
cccc81b0a819673e6c3ffa53e3cdcc8f,2.0,3.0,,,3.0,5200000.0,6309863.0,82.41066796103514
27add31b5c0a28b43180a1bb2474e7da,,,,,,3000000.0,3640305.0,82.41066796103514
139fb921e46b598fd2c3d559135011f7,13.0,57.0,,,57.0,,,83.90417006010567
ee3676d590417443c4bb2a9214caa930,10.0,,,,,100000.0,119184.0,83.90417006010567
35c8072cb18eab36c4cd0bd0e639b7fa,22.0,,,,,,,83.90417006010567
f9c6574b58d6661093f44861e93968c5,28.0,90.0,,,90.0,190000.0,226449.0,83.90417006010567
78956f793bf7467255247b56c1dfd5fc,1.0,,6000.0,,6000.0,,,83.90417006010567
933cbcc40d27b06d834af439a8137341,2.0,12.0,,,12.0,1200000.0,1430203.0,83.90417006010567
9194135692ea265cc42518900db9eef4,1.0,,8000.0,,8000.0,,,83.90417006010567
dddda0f3500f5a1961106b85c7c944f6,5.0,,2000.0,,2000.0,10000000.0,11918359.0,83.90417006010567
68b031386dc78a5a4007cc2606553923,8.0,12.0,,165.0,177.0,1300000.0,1549387.0,83.90417006010567
d4cc548ae41f7d440db354195c53a97d,1.0,,19500.0,,19500.0,800000.0,953469.0,83.90417006010567
40bdc17e24c42655451c94c4f6e55f0e,5.0,,,,,,,83.90417006010567
da2324deacc9bc74f357646d4929da78,3.0,150.0,,,150.0,,,83.90417006010567
3bee7822da487a066921d10ccc3f1566,,,150.0,,150.0,200000.0,238367.0,83.90417006010567
e13fb1e6fa71b726eda8c5e1f20330ff,3.0,,600.0,,600.0,,,83.90417006010567
c796c9ebddec2b11ed1fa3631135e1ef,1.0,,,,,600000.0,715102.0,83.90417006010567
f39a6ab397aa28ba0fb4387910e45dfd,10.0,,,,,1600000.0,1906937.0,83.90417006010567
458be1709fd9e9a88fb12f9ee3f5c607,5.0,,1000.0,,1000.0,3500000.0,4171426.0,83.90417006010567
7b31655f759866993c62f32c4695e9f0,4.0,,,,,2600000.0,3098773.0,83.90417006010567
bd01817458a4739d35cb53e2053cf0a5,3.0,12.0,312.0,279.0,603.0,325000.0,387347.0,83.90417006010567
a39b8141b98cc114882d3c42313922f7,,2.0,660.0,,662.0,1300000.0,1549387.0,83.90417006010567
8089eabf9abf30e2c4443d5ab16762d7,1.0,,,,,275000.0,327755.0,83.90417006010567
e2ee60e62f15375a8d80b0d97edbbe48,10.0,,,,,,,83.90417006010567
e96430a88c8fc0a3be803b935d85485a,18.0,,,,,235000.0,280081.0,83.90417006010567
2bdb47f96b1829f389a3799117aef6a9,10.0,,,,,1200000.0,1412775.0,84.93919812938861
23c7c2ac15e4e07c64367004d7dbe70f,25.0,300.0,12000.0,,12300.0,2500000.0,2943282.0,84.93919812938861
17462ce01e7085e23c3714661fbf4f7b,,,3000.0,,3000.0,175000.0,206030.0,84.93919812938861
2583f68364cf3fa27a011aad873609b2,38.0,200.0,,,200.0,3500000.0,4120595.0,84.93919812938861
1f64ac3df0e724fa501681d19f536bff,3.0,31.0,,,31.0,1400000.0,1648238.0,84.93919812938861
16eba42d99c59bb5d6dab21147f27e7a,,,,,,2900000.0,3414207.0,84.93919812938861
671e7abe7fddde842f3802201dcfaf29,1.0,,12936.0,,12936.0,1300000.0,1530507.0,84.93919812938861
9decca4c4bafab802f4142e8a76a1996,1.0,,10000.0,,10000.0,2100000.0,2472357.0,84.93919812938861
ebd727c32920f6c4d1c1c0218acca2a0,1.0,,,,,325000.0,382627.0,84.93919812938861
e6fe9486f92bed00a9b63ae606c1bdde,2.0,,,,,850000.0,1000716.0,84.93919812938861
0057db8dbffd10eecd063a2b88e58521,,,60000.0,,60000.0,1200000.0,1412775.0,84.93919812938861
dfafec29982cb24f85fa866566fc421f,16.0,,,,,4800000.0,5651101.0,84.93919812938861
9c0a453ff3e1a8f72046c3d33985c8fc,,,,,,1100000.0,1295044.0,84.93919812938861
fd21bfa2a44c07e7565077b20220b116,33.0,,6500.0,,6500.0,13000000.0,15305066.0,84.93919812938861
9803a6611462ef6169f8c7446c1114ea,4.0,,9400.0,,9400.0,2900000.0,3414207.0,84.93919812938861
c324f2ea5620e0463d8df88bb8f0c934,8.0,,,,,6300000.0,7417070.0,84.93919812938861
9d8415b933407941a46768ed1171b9fc,32.0,,,,,11000000.0,12950440.0,84.93919812938861
aef585fb9e23c2a2e82659d65ce111e6,12.0,,,,,1500000.0,1765969.0,84.93919812938861
57983e24d1994d6d7d339220266ad37c,6.0,,,,,3500000.0,4120595.0,84.93919812938861
172eace24609dcaa5eee6bae077644b0,11.0,,,,,350000.0,412059.0,84.93919812938861
cef5c801ac53f40d001753b6e5f0bb72,4.0,,,,,6800000.0,8005727.0,84.93919812938861
a96a0ba30936591312c73c3db9eb16a3,,,,,,2900000.0,3414207.0,84.93919812938861
f7ef8a2a7cadeb3f10ac38f14e28bcbb,2.0,,,,,1600000.0,1883700.0,84.93919812938861
b267d690ad0e7aff0646996d20e65947,,,,,,1400000.0,1648238.0,84.93919812938861
e6317ea06724864ebb720b7fc9222341,45.0,,,,,4500000.0,5297907.0,84.93919812938861
bd132065d5280e42931b7c9217140a4d,3.0,,,,,675000.0,759028.0,88.92949347720737
dda0821ff1e03c0be976439f5bfe1100,1.0,30.0,,,30.0,120000.0,134938.0,88.92949347720737
f8155b47eb7178b273dafe3d90714339,2.0,,75.0,,75.0,1100000.0,1236935.0,88.92949347720737
aa8ffef38a3e03689bb675eb2e067fca,4.0,,,,,100000.0,112449.0,88.92949347720737
9218a031471a34c7a135706c65be29d2,235.0,10.0,,,10.0,30000000.0,33734590.0,88.92949347720737
09a907061444f92b0d96060608848f95,1.0,1.0,50.0,,51.0,150000.0,168673.0,88.92949347720737
c877f983550254ac098a2817d5d9056d,1.0,,,,,50000.0,56224.0,88.92949347720737
2e36c7b06d9176a32e6b77be61e6d13a,,2.0,90.0,,92.0,500000.0,562243.0,88.92949347720737
a80cb9e285416daa29bb9f722245a145,6.0,,,,,1700000.0,1911627.0,88.92949347720737
00b1f0a87dc80b8c91335a0caff9b0f5,8.0,,,,,1300000.0,1461832.0,88.92949347720737
e695372fdfb0d08327b58036a500f462,3.0,7.0,,,7.0,945000.0,1062640.0,88.92949347720737
fb5df605948637b6511464f4ffeedb4a,13.0,,,,,215000.0,241765.0,88.92949347720737
2e53f568c522407c46c4ad0cb4b31848,,,,,,1500000.0,1686729.0,88.92949347720737
0756ad6b3b07f6448ad529c4a37fd100,,,,,,3100000.0,3485908.0,88.92949347720737
9106a6ef3e25bc1e306ce41ab7a40386,4.0,8.0,,,8.0,1300000.0,1461832.0,88.92949347720737
37ed4b523f598ea87706783386c53fbe,6.0,,250.0,,250.0,1300000.0,1461832.0,88.92949347720737
be61fd599178a80c961c96584551e20c,14.0,20.0,324.0,,344.0,375000.0,421682.0,88.92949347720737
fb3ace671ee8ed75e9e0fbb3a7ff273a,,,636.0,,636.0,950000.0,1068262.0,88.92949347720737
9fa35247b33f9234ac60d170dc0c7414,1.0,2.0,300.0,,302.0,25000.0,28112.0,88.92949347720737
8f55f16b43f6d21ae2be3945aa01586a,,25.0,30.0,123.0,178.0,10000.0,11245.0,88.92949347720737
3295b44b4fc7c22e8985a8bedbbc9538,2.0,,250.0,,250.0,80912.0,90984.0,88.92949347720737
d760b2b5be6f7ec95325e285d5736c3b,815.0,,,,,,,88.92949347720737
6e717dce9167f6f2e112576a3d181a10,1.0,9.0,,,9.0,1200000.0,1349384.0,88.92949347720737
8939844d009869aa1979a5b4fd9e19ce,229.0,,,,,,,88.92949347720737
72a69da3e24d800b4e9cd7d4621d6530,,,,483.0,483.0,325000.0,365458.0,88.92949347720737
947abd4b879b3a4a3d928d759e08bda5,3.0,13.0,36.0,1212.0,1261.0,3000000.0,3373459.0,88.92949347720737
ebf7410d7778036e4ae9c21d5006c3a4,8.0,,,,,50000.0,56224.0,88.92949347720737
03f694c74a4fc2f6227599a48decbe7d,1.0,,,,,1200000.0,1349384.0,88.92949347720737
1dba6ea47d070ed0760b0b98777ca7bd,9.0,,,,,300000.0,337346.0,88.92949347720737
0dabe5262761e1545064610cf6fc7f37,,,55903.0,,55903.0,1500000.0,1686729.0,88.92949347720737
d29aa1fbcdeef76780885a4df1b09f8a,,,86.0,,86.0,550000.0,618467.0,88.92949347720737
5644901bcac7f3aa8f101583ee5cbb1c,7.0,,105.0,,105.0,1300000.0,1461832.0,88.92949347720737
febe12391eed9a0a09d2050e05f51fdc,22.0,,89.0,,89.0,150000.0,168673.0,88.92949347720737
ce05a7b199770f07d5370318ea7ef928,96.0,,14000.0,,14000.0,65000000.0,73091612.0,88.92949347720737
4a1a149fb12f11b3c90e61f2a5b03e97,1.0,,600.0,,600.0,25000.0,28112.0,88.92949347720737
83ce5362ece13e2c88a0e6831a0177e2,,,,,,1300000.0,1461832.0,88.92949347720737
e80fb5a5ad597ff36c007ca625d9fc72,3.0,,,,,225000.0,253009.0,88.92949347720737
238e7c2f35daa052cc23fc59c5650279,,,,,,1000000.0,1124486.0,88.92949347720737
e24dc532ce347b5e962d5ef572852398,,,63.0,315.0,378.0,,,88.92949347720737
a9ea667e6441155213ff5aa5b0f4b91d,4.0,,,,,325000.0,365458.0,88.92949347720737
04ae3aef7796dc8f8f378ec150995038,4.0,,15000.0,,15000.0,2000000.0,2248973.0,88.92949347720737
a942c4bbcb24adf64829b8de3037a088,1.0,,500.0,,500.0,200000.0,224897.0,88.92949347720737
e809a4c261da66505ebe3e622baac051,,,,,,75000.0,84336.0,88.92949347720737
b67e6816dc3b2e2a1a7c463224165e1a,93.0,100.0,,,100.0,5200000.0,5847329.0,88.92949347720737
ecbb44ae916d7d30f5a61925fc91b5db,5.0,,120.0,,120.0,1900000.0,2136524.0,88.92949347720737
7031701304d6fb7f78ec7a177859d99f,2.0,,3273.0,381.0,3654.0,3300000.0,3710805.0,88.92949347720737
75bf8de4f0fca9f13400e40cb25e4a5b,,,,,,9000000.0,10120377.0,88.92949347720737
8e9d1b69ea4a52bd7a8a2690caf713c8,5.0,,,,,525000.0,546611.0,96.04634212554906
f8e28d4a503a23ee9162e6d31c404d7e,10.0,,,,,526000.0,547652.0,96.04634212554906
84bed47d4718f552bc05e953e3f3ba80,8.0,,90.0,,90.0,820000.0,853755.0,96.04634212554906
9772dbd7a127dbd39ebab14a9f8e20fa,,,156.0,108.0,264.0,,,96.04634212554906
d9ab533c20424c369896afa378bd2b08,5.0,50.0,,,50.0,3000000.0,3123492.0,96.04634212554906
8e18e96e20962d7ecad076aa62fe07c8,2.0,,90.0,,90.0,1300000.0,1353513.0,96.04634212554906
1d3471fbb4a60156597055e75f0198f8,3.0,,,,,3200000.0,3331725.0,96.04634212554906
4235272786fe1c3b724f3909817b2178,1.0,28.0,15.0,,43.0,2800000.0,2915259.0,96.04634212554906
fb33a12ff0403b48f272a60d31270f41,2.0,49.0,600.0,,649.0,155000.0,161380.0,96.04634212554906
e67845f0d0969068bb6a6b0f4ff89eb5,,,,,,882000.0,918307.0,96.04634212554906
654321c9784235d24116904d1ec1dc5b,,,,,,,,96.04634212554906
27667daef18f6f31b9388f32ec30c1a6,,,,,,624000.0,649686.0,96.04634212554906
e47f4b2a0649248c39f55f4279fd10f3,,138.0,756.0,,894.0,,,96.04634212554906
0794a4782d047e255c666bb9f7e925a8,3.0,6.0,300.0,,306.0,583000.0,606999.0,96.04634212554906
776f370afd89131262ceed9673d568a1,,,1000.0,,1000.0,,,96.04634212554906
81cf6fb07d8f0981b68a1a552c485697,,,,,,,,96.04634212554906
1177e4673c84b51af8a472bab557cb61,5.0,,,,,1200000.0,1249397.0,96.04634212554906
e1935f4b1151ab88380a1975b91c997a,,,1000.0,,1000.0,36000.0,37482.0,96.04634212554906
a06d0f5c9446df543fa26b0b7e4afcfa,12.0,,,,,,,96.04634212554906
844863f6eac74b0f3074b2dae3276bfc,2.0,12.0,,,12.0,2500000.0,2602910.0,96.04634212554906
18c9369618aca0d33ccbac83572b33e7,,,600.0,,600.0,,,96.04634212554906
f590c69b4f726e744cbd6d88c8f881ee,42.0,,475.0,,475.0,1500000.0,1561746.0,96.04634212554906
e9c6a75300320ecf95d76a8628911750,4.0,7.0,33.0,555.0,595.0,151000.0,157216.0,96.04634212554906
fa6f4c052ed71f888fb0765e824842e2,1.0,,4000.0,,4000.0,,,96.04634212554906
b922576e6fe72b3de0a7935f65628cce,152.0,,,,,100000000.0,104116407.0,96.04634212554906
00fc984be9fe09eeface3c7cbcbdc6b1,5.0,,1500.0,,1500.0,1000000.0,1041164.0,96.04634212554906
46423fe95a76a1052ab70b59276bc9dc,2.0,,600.0,,600.0,375000.0,390437.0,96.04634212554906
5500ce9c807d81db8b93888eb222b96b,2.0,12.0,,,12.0,250000.0,260291.0,96.04634212554906
2ce8c35b879cc2d557ed2314b15d6373,3.0,37.0,,,37.0,345000.0,359202.0,96.04634212554906
c9b74fc1f7c713a2f24c22caa182968e,4.0,,,,,179000.0,186368.0,96.04634212554906
5b85f7f38b8b1c9600615c6527efe4c9,98.0,,,,,2700000.0,2811143.0,96.04634212554906
dce736ef7c17c704f93da26cbe0372a8,18.0,,717.0,,717.0,1000000.0,1041164.0,96.04634212554906
70fd2fd01fcbef7699567e97de77bf52,136.0,,,,,22000000.0,22905609.0,96.04634212554906
616071764371783e1d476d22929cf70c,11.0,49.0,,,49.0,770000.0,770000.0,100.0
0f11de0a2f335cfb081f64b8565e38e0,2.0,,,,,165000.0,165000.0,100.0
446c1c4e611d9cc4345a291f0208ccd4,10.0,25.0,,,25.0,385000.0,385000.0,100.0
77724f99162bddc5af04bc834eec7988,13.0,,,,,6000000.0,6000000.0,100.0
113afcd59803bbccaf9a5ff8452ed6d5,3.0,,551.0,,551.0,255000.0,255000.0,100.0
13c2ff9f471ec26419bea8becbdacd47,25.0,72.0,6000.0,939.0,7011.0,2900000.0,2900000.0,100.0
976dfbcb727a08b152ed094744e465e5,31.0,200.0,5544.0,735.0,6479.0,5500000.0,5500000.0,100.0
2c7991763ab95dd84d36210eec06a1e9,5.0,5.0,225.0,36.0,266.0,2900000.0,2900000.0,100.0
cb9eb3aa6446a9aa3a6634d6c710cdfe,,,2000.0,,2000.0,1100000.0,1100000.0,100.0
c2c574aa5bf5edbfff81f7e4fd3afe80,1.0,12.0,,,12.0,2950000.0,2950000.0,100.0
f63756d026e6b250edb90b881ba8cd55,,,,,,1300000.0,1300000.0,100.0
192765020da179eeb950ab8eb5e2d20c,2.0,,1000.0,,1000.0,,,100.0
a724792d9d83a25c7faa1dae066468f7,2.0,,30000.0,,30000.0,200000.0,200000.0,100.0
3220cd2abb508f6eca400b7318f6ecea,1.0,,,,,2200000.0,2200000.0,100.0
10af6f2d3469907c56f0a03dc54ceca9,5.0,135.0,60.0,,195.0,3800000.0,3800000.0,100.0
084ced863bb0c80b9c33cbfb1faa2e38,3.0,12.0,600.0,,612.0,4100000.0,4100000.0,100.0
4ceb6f007bb37112bd40af8e307d08e9,14.0,,,,,,,100.0
532247c67b4207f77e806f2869337939,8.0,100.0,,,100.0,5300000.0,5300000.0,100.0
c3bc11192c038fa1b57e11a51fc9ebff,10.0,,,,,2200000.0,2200000.0,100.0
e1d9605b73df52d019a0b06a5db581df,4.0,,450.0,,450.0,,,100.0
9b25771c28dd59f161dfc671603ff3d3,128.0,,7695.0,,7695.0,5500000.0,5500000.0,100.0
5ae61d7a33be34ca8a4c88723b9919da,2.0,1.0,720.0,81.0,802.0,,,100.0
a5c0cbb3b6927c1eb1a791df136d582c,5.0,,,,,3500000.0,3500000.0,100.0
57a5401cef8e9a5a19910f5b7641ef9a,,,,,,,,100.0
0dcbe732ac540388cd5cf957af743b15,2.0,,,,,1600000.0,1600000.0,100.0
862180e1258c91be842efad0a2d510f0,3.0,,126.0,,126.0,,,100.0
63a65b0dcca5ef87a46df95448d5ccd5,6.0,91.0,1950.0,,2041.0,100000.0,100000.0,100.0
7e275a737304906eac2669ed494eed92,7.0,12.0,57.0,,69.0,1300000.0,1300000.0,100.0
96aa5735fbf4a226d4a3a40259b21a94,247.0,,,,,14500000.0,14500000.0,100.0
fb9fa53a1087df41ec3ba19756bfa00e,5.0,11.0,,,11.0,2850000.0,,
0534ee321c14fdfe73c9b22718191506,61.0,,,,,3800000.0,,
fa5fd58e2595f2cf4dc66d4db0da7ede,9.0,,86.0,,86.0,1100000.0,,
300ff8d9970f11fe3f62a6c15e70ab19,1.0,,,,,1300000.0,,
ef710ae48d8091e8a42545c176dddb31,2.0,,300.0,39.0,339.0,700000.0,,
7d47cc1d04fef9200354f13153afac6c,3.0,70.0,,,70.0,5900000.0,,
38e3e52c9508bee2b253854fe16b38b7,5.0,,,,,2500000.0,,
12babdfa7820da13a5bf601b9bad3d4c,1.0,10.0,216.0,,226.0,2750000.0,,
378a982ca0b3169f7aa739f481fec21f,4.0,,558.0,597.0,1155.0,,,
d2da589bcc26bf445c38002f62c9510b,,,3500.0,,3500.0,,,
05acdf3b5cb5918136c2bf059663d869,5.0,,,,,4800000.0,,
c6ef4f62680f9da52ffc9f3ed7e927fb,5.0,35.0,,300.0,335.0,,,
0a6e1b2b208d1cf541debc8677ce4658,23.0,80.0,102.0,,182.0,2500000.0,,
e95010061042509eb85f206f738c7168,,,,,,1900000.0,,
a69294584778cfc2af081b9529afa12b,2.0,2.0,1500.0,,1502.0,1200000.0,,
d25f2ea5a3fe84d23d76a67a3f5dd640,1.0,,,,,,,
fc759201f69f5fdda292f31c9f82479c,45.0,,207.0,,207.0,6000000.0,,
4952fc712dedc4c3e9076b518b6a5a1d,,,,,,,,
b055f2a63283eb1cabb4ee6144ec4b71,1.0,,,,,1000000.0,,
c8fd0cd342ae327d7f1c4c409997b002,1.0,,,,,2950000.0,,
297e6ef57e21258c14063684d1ff8b4d,6.0,,,,,2250000.0,,
072441b48287a9b92d44031647f54d4a,,33.0,,99.0,132.0,,,
80234918f59f6380f3f88aa0eaa736e5,227.0,,,,,56000000.0,,
e93fa5d59a214bbde2de70b1e82901df,27.0,13.0,1000.0,,1013.0,38000000.0,,
6e26acc38a6baf7d2b9d070a28480ddf,2.0,38.0,300.0,,338.0,,,
4b2fb0aaabe0142bbc75a4177a6cb4c5,5.0,11.0,408.0,120.0,539.0,,,
a773856c77508c4e2f26f0ccf97b1268,,6.0,381.0,729.0,1116.0,100000.0,,
59c01404aca16dce496c70b73f650dd1,,,90.0,60.0,150.0,,,
